ISO-10303-21;
HEADER;
FILE_DESCRIPTION(('FreeCAD Model'),'2;1');
FILE_NAME('Open CASCADE Shape Model','2026-06-08T23:28:57',(''),(''),
  'Open CASCADE STEP processor 7.9','FreeCAD','Unknown');
FILE_SCHEMA(('AUTOMOTIVE_DESIGN { 1 0 10303 214 1 1 1 1 }'));
ENDSEC;
DATA;
#1 = APPLICATION_PROTOCOL_DEFINITION('international standard',
  'automotive_design',2000,#2);
#2 = APPLICATION_CONTEXT(
  'core data for automotive mechanical design processes');
#3 = SHAPE_DEFINITION_REPRESENTATION(#4,#10);
#4 = PRODUCT_DEFINITION_SHAPE('','',#5);
#5 = PRODUCT_DEFINITION('design','',#6,#9);
#6 = PRODUCT_DEFINITION_FORMATION('','',#7);
#7 = PRODUCT('Box','Box','',(#8));
#8 = PRODUCT_CONTEXT('',#2,'mechanical');
#9 = PRODUCT_DEFINITION_CONTEXT('part definition',#2,'design');
#10 = ADVANCED_BREP_SHAPE_REPRESENTATION('',(#11,#15),#3765);
#11 = AXIS2_PLACEMENT_3D('',#12,#13,#14);
#12 = CARTESIAN_POINT('',(0.,0.,0.));
#13 = DIRECTION('',(0.,0.,1.));
#14 = DIRECTION('',(1.,0.,-0.));
#15 = MANIFOLD_SOLID_BREP('',#16);
#16 = CLOSED_SHELL('',(#17,#309,#412,#437,#611,#669,#702,#727,#760,#856,
    #926,#1100,#1133,#1211,#1244,#1269,#1339,#1384,#1546,#1624,#1649,
    #1674,#1719,#1777,#1939,#1957,#1981,#2031,#2080,#2097,#2121,#2170,
    #2187,#2218,#2242,#2266,#2283,#2316,#2356,#2373,#2397,#2421,#2470,
    #2487,#2511,#2560,#2577,#2602,#2619,#2650,#2674,#2687,#2720,#2760,
    #2777,#2801,#2826,#2843,#2883,#2915,#2941,#2965,#2982,#3007,#3024,
    #3055,#3073,#3092,#3110,#3135,#3159,#3184,#3201,#3241,#3274,#3299,
    #3316,#3334,#3359,#3390,#3414,#3438,#3487,#3509,#3530,#3547,#3565,
    #3586,#3607,#3625,#3646,#3667,#3678,#3696,#3714,#3725,#3736,#3753));
#17 = ADVANCED_FACE('',(#18),#304,.T.);
#18 = FACE_BOUND('',#19,.T.);
#19 = EDGE_LOOP('',(#20,#30,#39,#47,#56,#64,#86,#94,#102,#110,#118,#126,
    #134,#142,#164,#172,#181,#189,#198,#206,#228,#236,#244,#252,#260,
    #268,#276,#284));
#20 = ORIENTED_EDGE('',*,*,#21,.T.);
#21 = EDGE_CURVE('',#22,#24,#26,.T.);
#22 = VERTEX_POINT('',#23);
#23 = CARTESIAN_POINT('',(15.819803902719,22.5,0.));
#24 = VERTEX_POINT('',#25);
#25 = CARTESIAN_POINT('',(29.,22.5,0.));
#26 = LINE('',#27,#28);
#27 = CARTESIAN_POINT('',(-30.5,22.5,0.));
#28 = VECTOR('',#29,1.);
#29 = DIRECTION('',(1.,0.,0.));
#30 = ORIENTED_EDGE('',*,*,#31,.T.);
#31 = EDGE_CURVE('',#24,#32,#34,.T.);
#32 = VERTEX_POINT('',#33);
#33 = CARTESIAN_POINT('',(30.5,21.,0.));
#34 = CIRCLE('',#35,1.5);
#35 = AXIS2_PLACEMENT_3D('',#36,#37,#38);
#36 = CARTESIAN_POINT('',(29.,21.,-2.004313146022E-17));
#37 = DIRECTION('',(-0.,-0.,-1.));
#38 = DIRECTION('',(0.,-1.,0.));
#39 = ORIENTED_EDGE('',*,*,#40,.F.);
#40 = EDGE_CURVE('',#41,#32,#43,.T.);
#41 = VERTEX_POINT('',#42);
#42 = CARTESIAN_POINT('',(30.5,-21.,0.));
#43 = LINE('',#44,#45);
#44 = CARTESIAN_POINT('',(30.5,-22.5,0.));
#45 = VECTOR('',#46,1.);
#46 = DIRECTION('',(0.,1.,0.));
#47 = ORIENTED_EDGE('',*,*,#48,.T.);
#48 = EDGE_CURVE('',#41,#49,#51,.T.);
#49 = VERTEX_POINT('',#50);
#50 = CARTESIAN_POINT('',(29.,-22.5,0.));
#51 = CIRCLE('',#52,1.5);
#52 = AXIS2_PLACEMENT_3D('',#53,#54,#55);
#53 = CARTESIAN_POINT('',(29.,-21.,-2.004313146022E-17));
#54 = DIRECTION('',(-0.,-0.,-1.));
#55 = DIRECTION('',(0.,-1.,0.));
#56 = ORIENTED_EDGE('',*,*,#57,.F.);
#57 = EDGE_CURVE('',#58,#49,#60,.T.);
#58 = VERTEX_POINT('',#59);
#59 = CARTESIAN_POINT('',(15.819803902719,-22.5,0.));
#60 = LINE('',#61,#62);
#61 = CARTESIAN_POINT('',(-30.5,-22.5,0.));
#62 = VECTOR('',#63,1.);
#63 = DIRECTION('',(1.,0.,0.));
#64 = ORIENTED_EDGE('',*,*,#65,.F.);
#65 = EDGE_CURVE('',#66,#58,#68,.T.);
#66 = VERTEX_POINT('',#67);
#67 = CARTESIAN_POINT('',(13.858642551337,-23.10776772972,
    5.551115123126E-17));
#68 = B_SPLINE_CURVE_WITH_KNOTS('',6,(#69,#70,#71,#72,#73,#74,#75,#76,
    #77,#78,#79,#80,#81,#82,#83,#84,#85),.UNSPECIFIED.,.F.,.F.,(7,5,5,7)
  ,(0.,0.25,0.5,1.),.UNSPECIFIED.);
#69 = CARTESIAN_POINT('',(13.858642551337,-23.10776772972,
    5.551115123126E-17));
#70 = CARTESIAN_POINT('',(13.876429904667,-23.01883096307,
    5.319818659662E-17));
#71 = CARTESIAN_POINT('',(13.916460897905,-22.9343570139,
    4.672188561964E-17));
#72 = CARTESIAN_POINT('',(13.982789536628,-22.86392181062,
    4.297777411733E-17));
#73 = CARTESIAN_POINT('',(14.054465941449,-22.80988596261,
    3.960951936814E-17));
#74 = CARTESIAN_POINT('',(14.133447546959,-22.76355920602,
    3.657375328518E-17));
#75 = CARTESIAN_POINT('',(14.297536162564,-22.68678054888,
    3.108046227792E-17));
#76 = CARTESIAN_POINT('',(14.382915127368,-22.65577271685,
    2.862293735362E-17));
#77 = CARTESIAN_POINT('',(14.470167900232,-22.63022468563,
    2.641116492175E-17));
#78 = CARTESIAN_POINT('',(14.558351282456,-22.60873942232,
    2.440177689541E-17));
#79 = CARTESIAN_POINT('',(14.647039725574,-22.5904445568,
    2.25514051877E-17));
#80 = CARTESIAN_POINT('',(14.914896542933,-22.54408803176,
    1.734723475977E-17));
#81 = CARTESIAN_POINT('',(15.095591085018,-22.52423609505,
    1.434038073474E-17));
#82 = CARTESIAN_POINT('',(15.27577057173,-22.51115275478,
    1.144917494145E-17));
#83 = CARTESIAN_POINT('',(15.457760789685,-22.50347419951,
    8.326672684689E-18));
#84 = CARTESIAN_POINT('',(15.638398109657,-22.5,-5.751546222135E-34));
#85 = CARTESIAN_POINT('',(15.819803902719,-22.5,0.));
#86 = ORIENTED_EDGE('',*,*,#87,.T.);
#87 = EDGE_CURVE('',#66,#88,#90,.T.);
#88 = VERTEX_POINT('',#89);
#89 = CARTESIAN_POINT('',(13.180196097281,-26.5,0.));
#90 = LINE('',#91,#92);
#91 = CARTESIAN_POINT('',(14.019419324309,-22.30388386486,
    -2.22044604925E-16));
#92 = VECTOR('',#93,1.);
#93 = DIRECTION('',(-0.196116135138,-0.980580675691,-0.));
#94 = ORIENTED_EDGE('',*,*,#95,.T.);
#95 = EDGE_CURVE('',#88,#96,#98,.T.);
#96 = VERTEX_POINT('',#97);
#97 = CARTESIAN_POINT('',(11.,-26.5,-2.22044604925E-16));
#98 = LINE('',#99,#100);
#99 = CARTESIAN_POINT('',(14.,-26.5,-2.22044604925E-16));
#100 = VECTOR('',#101,1.);
#101 = DIRECTION('',(-1.,-0.,-0.));
#102 = ORIENTED_EDGE('',*,*,#103,.T.);
#103 = EDGE_CURVE('',#96,#104,#106,.T.);
#104 = VERTEX_POINT('',#105);
#105 = CARTESIAN_POINT('',(11.,-22.5,0.));
#106 = LINE('',#107,#108);
#107 = CARTESIAN_POINT('',(11.,-27.5,0.));
#108 = VECTOR('',#109,1.);
#109 = DIRECTION('',(0.,1.,0.));
#110 = ORIENTED_EDGE('',*,*,#111,.F.);
#111 = EDGE_CURVE('',#112,#104,#114,.T.);
#112 = VERTEX_POINT('',#113);
#113 = CARTESIAN_POINT('',(-11.,-22.5,0.));
#114 = LINE('',#115,#116);
#115 = CARTESIAN_POINT('',(-30.5,-22.5,0.));
#116 = VECTOR('',#117,1.);
#117 = DIRECTION('',(1.,0.,0.));
#118 = ORIENTED_EDGE('',*,*,#119,.F.);
#119 = EDGE_CURVE('',#120,#112,#122,.T.);
#120 = VERTEX_POINT('',#121);
#121 = CARTESIAN_POINT('',(-11.,-26.5,-2.22044604925E-16));
#122 = LINE('',#123,#124);
#123 = CARTESIAN_POINT('',(-11.,-27.5,0.));
#124 = VECTOR('',#125,1.);
#125 = DIRECTION('',(0.,1.,0.));
#126 = ORIENTED_EDGE('',*,*,#127,.F.);
#127 = EDGE_CURVE('',#128,#120,#130,.T.);
#128 = VERTEX_POINT('',#129);
#129 = CARTESIAN_POINT('',(-13.18019609728,-26.5,0.));
#130 = LINE('',#131,#132);
#131 = CARTESIAN_POINT('',(-14.,-26.5,-2.22044604925E-16));
#132 = VECTOR('',#133,1.);
#133 = DIRECTION('',(1.,0.,0.));
#134 = ORIENTED_EDGE('',*,*,#135,.F.);
#135 = EDGE_CURVE('',#136,#128,#138,.T.);
#136 = VERTEX_POINT('',#137);
#137 = CARTESIAN_POINT('',(-13.85864255133,-23.10776772972,
    5.551115123126E-17));
#138 = LINE('',#139,#140);
#139 = CARTESIAN_POINT('',(-14.0194193243,-22.30388386486,
    -2.22044604925E-16));
#140 = VECTOR('',#141,1.);
#141 = DIRECTION('',(0.196116135138,-0.980580675691,0.));
#142 = ORIENTED_EDGE('',*,*,#143,.T.);
#143 = EDGE_CURVE('',#136,#144,#146,.T.);
#144 = VERTEX_POINT('',#145);
#145 = CARTESIAN_POINT('',(-15.81980390271,-22.5,0.));
#146 = B_SPLINE_CURVE_WITH_KNOTS('',6,(#147,#148,#149,#150,#151,#152,
    #153,#154,#155,#156,#157,#158,#159,#160,#161,#162,#163),
  .UNSPECIFIED.,.F.,.F.,(7,5,5,7),(0.,0.25,0.5,1.),.UNSPECIFIED.);
#147 = CARTESIAN_POINT('',(-13.85864255133,-23.10776772972,
    5.551115123126E-17));
#148 = CARTESIAN_POINT('',(-13.87642990466,-23.01883096307,
    5.319818659662E-17));
#149 = CARTESIAN_POINT('',(-13.9164608979,-22.9343570139,
    4.672188561964E-17));
#150 = CARTESIAN_POINT('',(-13.98278953662,-22.86392181062,
    4.297777411733E-17));
#151 = CARTESIAN_POINT('',(-14.05446594144,-22.80988596261,
    3.960951936814E-17));
#152 = CARTESIAN_POINT('',(-14.13344754695,-22.76355920602,
    3.657375328518E-17));
#153 = CARTESIAN_POINT('',(-14.29753616256,-22.68678054888,
    3.108046227792E-17));
#154 = CARTESIAN_POINT('',(-14.38291512736,-22.65577271685,
    2.862293735362E-17));
#155 = CARTESIAN_POINT('',(-14.47016790023,-22.63022468563,
    2.641116492175E-17));
#156 = CARTESIAN_POINT('',(-14.55835128245,-22.60873942232,
    2.440177689541E-17));
#157 = CARTESIAN_POINT('',(-14.64703972557,-22.5904445568,
    2.25514051877E-17));
#158 = CARTESIAN_POINT('',(-14.91489654293,-22.54408803176,
    1.734723475977E-17));
#159 = CARTESIAN_POINT('',(-15.09559108501,-22.52423609505,
    1.434038073474E-17));
#160 = CARTESIAN_POINT('',(-15.27577057173,-22.51115275478,
    1.144917494145E-17));
#161 = CARTESIAN_POINT('',(-15.45776078968,-22.50347419951,
    8.326672684689E-18));
#162 = CARTESIAN_POINT('',(-15.63839810965,-22.5,-5.751546222135E-34));
#163 = CARTESIAN_POINT('',(-15.81980390271,-22.5,0.));
#164 = ORIENTED_EDGE('',*,*,#165,.F.);
#165 = EDGE_CURVE('',#166,#144,#168,.T.);
#166 = VERTEX_POINT('',#167);
#167 = CARTESIAN_POINT('',(-29.,-22.5,0.));
#168 = LINE('',#169,#170);
#169 = CARTESIAN_POINT('',(-30.5,-22.5,0.));
#170 = VECTOR('',#171,1.);
#171 = DIRECTION('',(1.,0.,0.));
#172 = ORIENTED_EDGE('',*,*,#173,.T.);
#173 = EDGE_CURVE('',#166,#174,#176,.T.);
#174 = VERTEX_POINT('',#175);
#175 = CARTESIAN_POINT('',(-30.5,-21.,0.));
#176 = CIRCLE('',#177,1.5);
#177 = AXIS2_PLACEMENT_3D('',#178,#179,#180);
#178 = CARTESIAN_POINT('',(-29.,-21.,-2.004313146022E-17));
#179 = DIRECTION('',(-0.,-0.,-1.));
#180 = DIRECTION('',(0.,-1.,0.));
#181 = ORIENTED_EDGE('',*,*,#182,.F.);
#182 = EDGE_CURVE('',#183,#174,#185,.T.);
#183 = VERTEX_POINT('',#184);
#184 = CARTESIAN_POINT('',(-30.5,21.,0.));
#185 = LINE('',#186,#187);
#186 = CARTESIAN_POINT('',(-30.5,22.5,0.));
#187 = VECTOR('',#188,1.);
#188 = DIRECTION('',(0.,-1.,0.));
#189 = ORIENTED_EDGE('',*,*,#190,.F.);
#190 = EDGE_CURVE('',#191,#183,#193,.T.);
#191 = VERTEX_POINT('',#192);
#192 = CARTESIAN_POINT('',(-29.,22.5,0.));
#193 = CIRCLE('',#194,1.5);
#194 = AXIS2_PLACEMENT_3D('',#195,#196,#197);
#195 = CARTESIAN_POINT('',(-29.,21.,-2.004313146022E-17));
#196 = DIRECTION('',(-0.,0.,1.));
#197 = DIRECTION('',(0.,-1.,0.));
#198 = ORIENTED_EDGE('',*,*,#199,.T.);
#199 = EDGE_CURVE('',#191,#200,#202,.T.);
#200 = VERTEX_POINT('',#201);
#201 = CARTESIAN_POINT('',(-15.81980390271,22.5,0.));
#202 = LINE('',#203,#204);
#203 = CARTESIAN_POINT('',(-30.5,22.5,0.));
#204 = VECTOR('',#205,1.);
#205 = DIRECTION('',(1.,0.,0.));
#206 = ORIENTED_EDGE('',*,*,#207,.F.);
#207 = EDGE_CURVE('',#208,#200,#210,.T.);
#208 = VERTEX_POINT('',#209);
#209 = CARTESIAN_POINT('',(-13.85864255133,23.107767729724,
    5.551115123126E-17));
#210 = B_SPLINE_CURVE_WITH_KNOTS('',6,(#211,#212,#213,#214,#215,#216,
    #217,#218,#219,#220,#221,#222,#223,#224,#225,#226,#227),
  .UNSPECIFIED.,.F.,.F.,(7,5,5,7),(0.,0.25,0.5,1.),.UNSPECIFIED.);
#211 = CARTESIAN_POINT('',(-13.85864255133,23.107767729724,
    5.551115123126E-17));
#212 = CARTESIAN_POINT('',(-13.87642990466,23.018830963071,
    5.319818659662E-17));
#213 = CARTESIAN_POINT('',(-13.9164608979,22.9343570139,
    4.672188561964E-17));
#214 = CARTESIAN_POINT('',(-13.98278953662,22.863921810628,
    4.297777411733E-17));
#215 = CARTESIAN_POINT('',(-14.05446594144,22.809885962616,
    3.960951936814E-17));
#216 = CARTESIAN_POINT('',(-14.13344754695,22.763559206026,
    3.657375328518E-17));
#217 = CARTESIAN_POINT('',(-14.29753616256,22.686780548882,
    3.108046227792E-17));
#218 = CARTESIAN_POINT('',(-14.38291512736,22.655772716853,
    2.862293735362E-17));
#219 = CARTESIAN_POINT('',(-14.47016790023,22.630224685639,
    2.641116492175E-17));
#220 = CARTESIAN_POINT('',(-14.55835128245,22.608739422325,
    2.440177689541E-17));
#221 = CARTESIAN_POINT('',(-14.64703972557,22.590444556807,
    2.25514051877E-17));
#222 = CARTESIAN_POINT('',(-14.91489654293,22.544088031763,
    1.734723475977E-17));
#223 = CARTESIAN_POINT('',(-15.09559108501,22.524236095056,
    1.434038073474E-17));
#224 = CARTESIAN_POINT('',(-15.27577057173,22.511152754786,
    1.144917494145E-17));
#225 = CARTESIAN_POINT('',(-15.45776078968,22.503474199513,
    8.326672684689E-18));
#226 = CARTESIAN_POINT('',(-15.63839810965,22.5,-5.751546222135E-34));
#227 = CARTESIAN_POINT('',(-15.81980390271,22.5,0.));
#228 = ORIENTED_EDGE('',*,*,#229,.T.);
#229 = EDGE_CURVE('',#208,#230,#232,.T.);
#230 = VERTEX_POINT('',#231);
#231 = CARTESIAN_POINT('',(-13.18019609728,26.5,0.));
#232 = LINE('',#233,#234);
#233 = CARTESIAN_POINT('',(-14.0194193243,22.303883864862,
    -2.22044604925E-16));
#234 = VECTOR('',#235,1.);
#235 = DIRECTION('',(0.196116135138,0.980580675691,0.));
#236 = ORIENTED_EDGE('',*,*,#237,.T.);
#237 = EDGE_CURVE('',#230,#238,#240,.T.);
#238 = VERTEX_POINT('',#239);
#239 = CARTESIAN_POINT('',(-11.,26.5,-2.22044604925E-16));
#240 = LINE('',#241,#242);
#241 = CARTESIAN_POINT('',(-14.,26.5,-2.22044604925E-16));
#242 = VECTOR('',#243,1.);
#243 = DIRECTION('',(1.,0.,0.));
#244 = ORIENTED_EDGE('',*,*,#245,.T.);
#245 = EDGE_CURVE('',#238,#246,#248,.T.);
#246 = VERTEX_POINT('',#247);
#247 = CARTESIAN_POINT('',(-11.,22.5,0.));
#248 = LINE('',#249,#250);
#249 = CARTESIAN_POINT('',(-11.,27.5,0.));
#250 = VECTOR('',#251,1.);
#251 = DIRECTION('',(-0.,-1.,-0.));
#252 = ORIENTED_EDGE('',*,*,#253,.T.);
#253 = EDGE_CURVE('',#246,#254,#256,.T.);
#254 = VERTEX_POINT('',#255);
#255 = CARTESIAN_POINT('',(11.,22.5,0.));
#256 = LINE('',#257,#258);
#257 = CARTESIAN_POINT('',(-30.5,22.5,0.));
#258 = VECTOR('',#259,1.);
#259 = DIRECTION('',(1.,0.,0.));
#260 = ORIENTED_EDGE('',*,*,#261,.F.);
#261 = EDGE_CURVE('',#262,#254,#264,.T.);
#262 = VERTEX_POINT('',#263);
#263 = CARTESIAN_POINT('',(11.,26.5,-2.22044604925E-16));
#264 = LINE('',#265,#266);
#265 = CARTESIAN_POINT('',(11.,27.5,0.));
#266 = VECTOR('',#267,1.);
#267 = DIRECTION('',(0.,-1.,0.));
#268 = ORIENTED_EDGE('',*,*,#269,.F.);
#269 = EDGE_CURVE('',#270,#262,#272,.T.);
#270 = VERTEX_POINT('',#271);
#271 = CARTESIAN_POINT('',(13.180196097281,26.5,0.));
#272 = LINE('',#273,#274);
#273 = CARTESIAN_POINT('',(14.,26.5,-2.22044604925E-16));
#274 = VECTOR('',#275,1.);
#275 = DIRECTION('',(-1.,0.,0.));
#276 = ORIENTED_EDGE('',*,*,#277,.F.);
#277 = EDGE_CURVE('',#278,#270,#280,.T.);
#278 = VERTEX_POINT('',#279);
#279 = CARTESIAN_POINT('',(13.858642551337,23.107767729724,
    5.551115123126E-17));
#280 = LINE('',#281,#282);
#281 = CARTESIAN_POINT('',(14.019419324309,22.303883864862,
    -2.22044604925E-16));
#282 = VECTOR('',#283,1.);
#283 = DIRECTION('',(-0.196116135138,0.980580675691,0.));
#284 = ORIENTED_EDGE('',*,*,#285,.T.);
#285 = EDGE_CURVE('',#278,#22,#286,.T.);
#286 = B_SPLINE_CURVE_WITH_KNOTS('',6,(#287,#288,#289,#290,#291,#292,
    #293,#294,#295,#296,#297,#298,#299,#300,#301,#302,#303),
  .UNSPECIFIED.,.F.,.F.,(7,5,5,7),(0.,0.25,0.5,1.),.UNSPECIFIED.);
#287 = CARTESIAN_POINT('',(13.858642551337,23.107767729724,
    5.551115123126E-17));
#288 = CARTESIAN_POINT('',(13.876429904667,23.018830963071,
    5.319818659662E-17));
#289 = CARTESIAN_POINT('',(13.916460897905,22.9343570139,
    4.672188561964E-17));
#290 = CARTESIAN_POINT('',(13.982789536628,22.863921810628,
    4.297777411733E-17));
#291 = CARTESIAN_POINT('',(14.054465941449,22.809885962616,
    3.960951936814E-17));
#292 = CARTESIAN_POINT('',(14.133447546959,22.763559206026,
    3.657375328518E-17));
#293 = CARTESIAN_POINT('',(14.297536162564,22.686780548882,
    3.108046227792E-17));
#294 = CARTESIAN_POINT('',(14.382915127368,22.655772716853,
    2.862293735362E-17));
#295 = CARTESIAN_POINT('',(14.470167900232,22.630224685639,
    2.641116492175E-17));
#296 = CARTESIAN_POINT('',(14.558351282456,22.608739422325,
    2.440177689541E-17));
#297 = CARTESIAN_POINT('',(14.647039725574,22.590444556807,
    2.25514051877E-17));
#298 = CARTESIAN_POINT('',(14.914896542933,22.544088031763,
    1.734723475977E-17));
#299 = CARTESIAN_POINT('',(15.095591085018,22.524236095056,
    1.434038073474E-17));
#300 = CARTESIAN_POINT('',(15.27577057173,22.511152754786,
    1.144917494145E-17));
#301 = CARTESIAN_POINT('',(15.457760789685,22.503474199513,
    8.326672684689E-18));
#302 = CARTESIAN_POINT('',(15.638398109657,22.5,-5.751546222135E-34));
#303 = CARTESIAN_POINT('',(15.819803902719,22.5,0.));
#304 = PLANE('',#305);
#305 = AXIS2_PLACEMENT_3D('',#306,#307,#308);
#306 = CARTESIAN_POINT('',(-4.127524915324E-07,-3.707260586988E-07,
    -2.004313146022E-17));
#307 = DIRECTION('',(-0.,-0.,-1.));
#308 = DIRECTION('',(-1.,0.,0.));
#309 = ADVANCED_FACE('',(#310),#407,.T.);
#310 = FACE_BOUND('',#311,.T.);
#311 = EDGE_LOOP('',(#312,#313,#321,#334,#342,#348,#349,#357,#365,#378,
    #384,#385,#393,#401));
#312 = ORIENTED_EDGE('',*,*,#21,.F.);
#313 = ORIENTED_EDGE('',*,*,#314,.T.);
#314 = EDGE_CURVE('',#22,#315,#317,.T.);
#315 = VERTEX_POINT('',#316);
#316 = CARTESIAN_POINT('',(15.819803902719,22.5,3.));
#317 = LINE('',#318,#319);
#318 = CARTESIAN_POINT('',(15.819803902719,22.5,0.));
#319 = VECTOR('',#320,1.);
#320 = DIRECTION('',(0.,0.,1.));
#321 = ORIENTED_EDGE('',*,*,#322,.T.);
#322 = EDGE_CURVE('',#315,#323,#325,.T.);
#323 = VERTEX_POINT('',#324);
#324 = CARTESIAN_POINT('',(13.780196097281,22.5,5.));
#325 = ( BOUNDED_CURVE() B_SPLINE_CURVE(7,(#326,#327,#328,#329,#330,#331
,#332,#333),.UNSPECIFIED.,.F.,.F.) B_SPLINE_CURVE_WITH_KNOTS((8,8),(0.,
1.570796326795),.PIECEWISE_BEZIER_KNOTS.) CURVE() 
GEOMETRIC_REPRESENTATION_ITEM() RATIONAL_B_SPLINE_CURVE((1.,1.,1.,1.,1.,
1.,1.,1.)) REPRESENTATION_ITEM('') );
#326 = CARTESIAN_POINT('',(15.819803902719,22.5,3.));
#327 = CARTESIAN_POINT('',(15.819803902719,22.5,3.457686921269));
#328 = CARTESIAN_POINT('',(15.695108646686,22.5,3.915332715558));
#329 = CARTESIAN_POINT('',(15.444962669765,22.5,4.330972200283));
#330 = CARTESIAN_POINT('',(15.093398773014,22.5,4.660502613789));
#331 = CARTESIAN_POINT('',(14.677887010833,22.5,4.88686400226));
#332 = CARTESIAN_POINT('',(14.228995047794,22.5,5.));
#333 = CARTESIAN_POINT('',(13.780196097281,22.5,5.));
#334 = ORIENTED_EDGE('',*,*,#335,.F.);
#335 = EDGE_CURVE('',#336,#323,#338,.T.);
#336 = VERTEX_POINT('',#337);
#337 = CARTESIAN_POINT('',(11.,22.5,5.));
#338 = LINE('',#339,#340);
#339 = CARTESIAN_POINT('',(11.,22.5,5.));
#340 = VECTOR('',#341,1.);
#341 = DIRECTION('',(1.,0.,0.));
#342 = ORIENTED_EDGE('',*,*,#343,.F.);
#343 = EDGE_CURVE('',#254,#336,#344,.T.);
#344 = LINE('',#345,#346);
#345 = CARTESIAN_POINT('',(11.,22.5,2.75));
#346 = VECTOR('',#347,1.);
#347 = DIRECTION('',(0.,0.,1.));
#348 = ORIENTED_EDGE('',*,*,#253,.F.);
#349 = ORIENTED_EDGE('',*,*,#350,.T.);
#350 = EDGE_CURVE('',#246,#351,#353,.T.);
#351 = VERTEX_POINT('',#352);
#352 = CARTESIAN_POINT('',(-11.,22.5,5.));
#353 = LINE('',#354,#355);
#354 = CARTESIAN_POINT('',(-11.,22.5,0.));
#355 = VECTOR('',#356,1.);
#356 = DIRECTION('',(0.,0.,1.));
#357 = ORIENTED_EDGE('',*,*,#358,.T.);
#358 = EDGE_CURVE('',#351,#359,#361,.T.);
#359 = VERTEX_POINT('',#360);
#360 = CARTESIAN_POINT('',(-13.78019609728,22.5,5.));
#361 = LINE('',#362,#363);
#362 = CARTESIAN_POINT('',(-11.,22.5,5.));
#363 = VECTOR('',#364,1.);
#364 = DIRECTION('',(-1.,-0.,-0.));
#365 = ORIENTED_EDGE('',*,*,#366,.F.);
#366 = EDGE_CURVE('',#367,#359,#369,.T.);
#367 = VERTEX_POINT('',#368);
#368 = CARTESIAN_POINT('',(-15.81980390271,22.5,3.));
#369 = ( BOUNDED_CURVE() B_SPLINE_CURVE(7,(#370,#371,#372,#373,#374,#375
,#376,#377),.UNSPECIFIED.,.F.,.F.) B_SPLINE_CURVE_WITH_KNOTS((8,8),(0.,
1.570796326795),.PIECEWISE_BEZIER_KNOTS.) CURVE() 
GEOMETRIC_REPRESENTATION_ITEM() RATIONAL_B_SPLINE_CURVE((1.,1.,1.,1.,1.,
1.,1.,1.)) REPRESENTATION_ITEM('') );
#370 = CARTESIAN_POINT('',(-15.81980390271,22.5,3.));
#371 = CARTESIAN_POINT('',(-15.81980390271,22.5,3.457686921269));
#372 = CARTESIAN_POINT('',(-15.69510864668,22.5,3.915332715558));
#373 = CARTESIAN_POINT('',(-15.44496266976,22.5,4.330972200283));
#374 = CARTESIAN_POINT('',(-15.09339877301,22.5,4.660502613789));
#375 = CARTESIAN_POINT('',(-14.67788701083,22.5,4.88686400226));
#376 = CARTESIAN_POINT('',(-14.22899504779,22.5,5.));
#377 = CARTESIAN_POINT('',(-13.78019609728,22.5,5.));
#378 = ORIENTED_EDGE('',*,*,#379,.F.);
#379 = EDGE_CURVE('',#200,#367,#380,.T.);
#380 = LINE('',#381,#382);
#381 = CARTESIAN_POINT('',(-15.81980390271,22.5,0.));
#382 = VECTOR('',#383,1.);
#383 = DIRECTION('',(0.,0.,1.));
#384 = ORIENTED_EDGE('',*,*,#199,.F.);
#385 = ORIENTED_EDGE('',*,*,#386,.T.);
#386 = EDGE_CURVE('',#191,#387,#389,.T.);
#387 = VERTEX_POINT('',#388);
#388 = CARTESIAN_POINT('',(-29.,22.5,11.));
#389 = LINE('',#390,#391);
#390 = CARTESIAN_POINT('',(-29.,22.5,0.));
#391 = VECTOR('',#392,1.);
#392 = DIRECTION('',(0.,0.,1.));
#393 = ORIENTED_EDGE('',*,*,#394,.T.);
#394 = EDGE_CURVE('',#387,#395,#397,.T.);
#395 = VERTEX_POINT('',#396);
#396 = CARTESIAN_POINT('',(29.,22.5,11.));
#397 = LINE('',#398,#399);
#398 = CARTESIAN_POINT('',(-30.5,22.5,11.));
#399 = VECTOR('',#400,1.);
#400 = DIRECTION('',(1.,0.,0.));
#401 = ORIENTED_EDGE('',*,*,#402,.F.);
#402 = EDGE_CURVE('',#24,#395,#403,.T.);
#403 = LINE('',#404,#405);
#404 = CARTESIAN_POINT('',(29.,22.5,0.));
#405 = VECTOR('',#406,1.);
#406 = DIRECTION('',(0.,0.,1.));
#407 = PLANE('',#408);
#408 = AXIS2_PLACEMENT_3D('',#409,#410,#411);
#409 = CARTESIAN_POINT('',(4.342205607423E-15,22.5,5.5));
#410 = DIRECTION('',(0.,1.,0.));
#411 = DIRECTION('',(0.,0.,1.));
#412 = ADVANCED_FACE('',(#413),#432,.T.);
#413 = FACE_BOUND('',#414,.F.);
#414 = EDGE_LOOP('',(#415,#416,#424,#431));
#415 = ORIENTED_EDGE('',*,*,#31,.T.);
#416 = ORIENTED_EDGE('',*,*,#417,.T.);
#417 = EDGE_CURVE('',#32,#418,#420,.T.);
#418 = VERTEX_POINT('',#419);
#419 = CARTESIAN_POINT('',(30.5,21.,11.));
#420 = LINE('',#421,#422);
#421 = CARTESIAN_POINT('',(30.5,21.,0.));
#422 = VECTOR('',#423,1.);
#423 = DIRECTION('',(0.,0.,1.));
#424 = ORIENTED_EDGE('',*,*,#425,.F.);
#425 = EDGE_CURVE('',#395,#418,#426,.T.);
#426 = CIRCLE('',#427,1.5);
#427 = AXIS2_PLACEMENT_3D('',#428,#429,#430);
#428 = CARTESIAN_POINT('',(29.,21.,11.));
#429 = DIRECTION('',(-0.,-0.,-1.));
#430 = DIRECTION('',(0.,-1.,0.));
#431 = ORIENTED_EDGE('',*,*,#402,.F.);
#432 = CYLINDRICAL_SURFACE('',#433,1.5);
#433 = AXIS2_PLACEMENT_3D('',#434,#435,#436);
#434 = CARTESIAN_POINT('',(29.,21.,0.));
#435 = DIRECTION('',(0.,0.,1.));
#436 = DIRECTION('',(0.,1.,0.));
#437 = ADVANCED_FACE('',(#438),#474,.T.);
#438 = FACE_BOUND('',#439,.T.);
#439 = EDGE_LOOP('',(#440,#441,#454));
#440 = ORIENTED_EDGE('',*,*,#285,.F.);
#441 = ORIENTED_EDGE('',*,*,#442,.T.);
#442 = EDGE_CURVE('',#278,#443,#445,.T.);
#443 = VERTEX_POINT('',#444);
#444 = CARTESIAN_POINT('',(14.839223227028,23.303883864862,1.));
#445 = B_SPLINE_CURVE_WITH_KNOTS('',7,(#446,#447,#448,#449,#450,#451,
    #452,#453),.UNSPECIFIED.,.F.,.F.,(8,8),(0.,1.),
  .PIECEWISE_BEZIER_KNOTS.);
#446 = CARTESIAN_POINT('',(13.858642551337,23.107767729724,
    5.551115123126E-17));
#447 = CARTESIAN_POINT('',(14.078684340408,23.151776087538,
    5.551115123126E-17));
#448 = CARTESIAN_POINT('',(14.298725065031,23.195784232462,
    5.874888655163E-02));
#449 = CARTESIAN_POINT('',(14.500674748976,23.236174169252,
    0.176237277798));
#450 = CARTESIAN_POINT('',(14.666408358082,23.269320891073,
    0.345253059177));
#451 = CARTESIAN_POINT('',(14.781615204157,23.292362260288,
    0.551202135017));
#452 = CARTESIAN_POINT('',(14.839223227028,23.303883864862,
    0.775600524744));
#453 = CARTESIAN_POINT('',(14.839223227028,23.303883864862,1.));
#454 = ORIENTED_EDGE('',*,*,#455,.T.);
#455 = EDGE_CURVE('',#443,#22,#456,.T.);
#456 = B_SPLINE_CURVE_WITH_KNOTS('',6,(#457,#458,#459,#460,#461,#462,
    #463,#464,#465,#466,#467,#468,#469,#470,#471,#472,#473),
  .UNSPECIFIED.,.F.,.F.,(7,5,5,7),(0.,0.25,0.5,1.),.UNSPECIFIED.);
#457 = CARTESIAN_POINT('',(14.839223227028,23.303883864862,1.));
#458 = CARTESIAN_POINT('',(14.850445979128,23.24777010436,0.958333333333
    ));
#459 = CARTESIAN_POINT('',(14.865522065067,23.192427011346,
    0.916666666667));
#460 = CARTESIAN_POINT('',(14.884385334368,23.138185341931,0.875));
#461 = CARTESIAN_POINT('',(14.906931773642,23.085368302012,
    0.833333333333));
#462 = CARTESIAN_POINT('',(14.933020833906,23.034284965725,
    0.791666666667));
#463 = CARTESIAN_POINT('',(14.991936921206,22.936164061802,
    0.708333333333));
#464 = CARTESIAN_POINT('',(15.024764786546,22.889125471313,
    0.666666666667));
#465 = CARTESIAN_POINT('',(15.060786367042,22.844401036447,0.625));
#466 = CARTESIAN_POINT('',(15.099796400359,22.802257868127,
    0.583333333333));
#467 = CARTESIAN_POINT('',(15.141560468362,22.762937894045,
    0.541666666667));
#468 = CARTESIAN_POINT('',(15.274324054615,22.654097787896,
    0.416666666667));
#469 = CARTESIAN_POINT('',(15.372798433068,22.593693591493,
    0.333333333333));
#470 = CARTESIAN_POINT('',(15.47915185904,22.547155842561,0.25));
#471 = CARTESIAN_POINT('',(15.590903861735,22.515718552834,
    0.166666666667));
#472 = CARTESIAN_POINT('',(15.705353838806,22.5,8.333333333334E-02));
#473 = CARTESIAN_POINT('',(15.819803902719,22.5,0.));
#474 = B_SPLINE_SURFACE_WITH_KNOTS('',7,6,(
    (#475,#476,#477,#478,#479,#480,#481,#482,#483,#484,#485,#486,#487
      ,#488,#489,#490,#491)
    ,(#492,#493,#494,#495,#496,#497,#498,#499,#500,#501,#502,#503,#504
      ,#505,#506,#507,#508)
    ,(#509,#510,#511,#512,#513,#514,#515,#516,#517,#518,#519,#520,#521
      ,#522,#523,#524,#525)
    ,(#526,#527,#528,#529,#530,#531,#532,#533,#534,#535,#536,#537,#538
      ,#539,#540,#541,#542)
    ,(#543,#544,#545,#546,#547,#548,#549,#550,#551,#552,#553,#554,#555
      ,#556,#557,#558,#559)
    ,(#560,#561,#562,#563,#564,#565,#566,#567,#568,#569,#570,#571,#572
      ,#573,#574,#575,#576)
    ,(#577,#578,#579,#580,#581,#582,#583,#584,#585,#586,#587,#588,#589
      ,#590,#591,#592,#593)
    ,(#594,#595,#596,#597,#598,#599,#600,#601,#602,#603,#604,#605,#606
      ,#607,#608,#609,#610
    )),.UNSPECIFIED.,.F.,.F.,.F.,(8,8),(7,5,5,7),(0.,1.),(0.,0.25,0.5,1.
    ),.UNSPECIFIED.);
#475 = CARTESIAN_POINT('',(13.858642551337,23.107767729724,
    5.551115123126E-17));
#476 = CARTESIAN_POINT('',(13.876429904667,23.018830963071,
    5.319818659662E-17));
#477 = CARTESIAN_POINT('',(13.916460897905,22.9343570139,
    4.672188561964E-17));
#478 = CARTESIAN_POINT('',(13.982789536628,22.863921810628,
    4.297777411733E-17));
#479 = CARTESIAN_POINT('',(14.054465941449,22.809885962616,
    3.960951936814E-17));
#480 = CARTESIAN_POINT('',(14.133447546959,22.763559206026,
    3.657375328518E-17));
#481 = CARTESIAN_POINT('',(14.297536162564,22.686780548882,
    3.108046227792E-17));
#482 = CARTESIAN_POINT('',(14.382915127368,22.655772716853,
    2.862293735362E-17));
#483 = CARTESIAN_POINT('',(14.470167900232,22.630224685639,
    2.641116492175E-17));
#484 = CARTESIAN_POINT('',(14.558351282456,22.608739422325,
    2.440177689541E-17));
#485 = CARTESIAN_POINT('',(14.647039725574,22.590444556807,
    2.25514051877E-17));
#486 = CARTESIAN_POINT('',(14.914896542933,22.544088031763,
    1.734723475977E-17));
#487 = CARTESIAN_POINT('',(15.095591085018,22.524236095056,
    1.434038073474E-17));
#488 = CARTESIAN_POINT('',(15.27577057173,22.511152754786,
    1.144917494145E-17));
#489 = CARTESIAN_POINT('',(15.457760789685,22.503474199513,
    8.326672684689E-18));
#490 = CARTESIAN_POINT('',(15.638398109657,22.5,-5.751546222135E-34));
#491 = CARTESIAN_POINT('',(15.819803902719,22.5,0.));
#492 = CARTESIAN_POINT('',(14.078684340408,23.151776087538,
    5.551115123126E-17));
#493 = CARTESIAN_POINT('',(14.092202275421,23.066861998136,
    2.054478607217E-17));
#494 = CARTESIAN_POINT('',(14.12533666376,22.985883276216,
    -7.544080441697E-17));
#495 = CARTESIAN_POINT('',(14.181552917281,22.917095111295,
    -1.211783406194E-16));
#496 = CARTESIAN_POINT('',(14.242879137454,22.862567055097,
    -1.555114438848E-16));
#497 = CARTESIAN_POINT('',(14.31097304693,22.814894463493,
    -1.797560103213E-16));
#498 = CARTESIAN_POINT('',(14.453373779351,22.733734266695,
    -2.106998617529E-16));
#499 = CARTESIAN_POINT('',(14.52791382609,22.699770002686,
    -2.173991467479E-16));
#500 = CARTESIAN_POINT('',(14.604516239045,22.670816161608,
    -2.166416871303E-16));
#501 = CARTESIAN_POINT('',(14.682343238998,22.645713445379,
    -2.097433790081E-16));
#502 = CARTESIAN_POINT('',(14.760996581815,22.623748669295,
    -1.980201184895E-16));
#503 = CARTESIAN_POINT('',(14.999559511733,22.566466947494,
    -1.523231680689E-16));
#504 = CARTESIAN_POINT('',(15.161845079873,22.539489183574,
    -1.078223093019E-16));
#505 = CARTESIAN_POINT('',(15.324814750196,22.52029399481,
    -5.981239424658E-17));
#506 = CARTESIAN_POINT('',(15.490107701116,22.507888687358,
    -1.882059176789E-17));
#507 = CARTESIAN_POINT('',(15.654626450105,22.501332647257,
    -7.0429521214E-17));
#508 = CARTESIAN_POINT('',(15.819803902719,22.5,2.986732578805E-32));
#509 = CARTESIAN_POINT('',(14.298725065031,23.195784232462,
    5.874888655163E-02));
#510 = CARTESIAN_POINT('',(14.309489168277,23.115195937621,
    5.696782360283E-02));
#511 = CARTESIAN_POINT('',(14.344972902967,23.04081902926,
    6.646581724498E-02));
#512 = CARTESIAN_POINT('',(14.390503243048,22.974563494788,
    6.835355271052E-02));
#513 = CARTESIAN_POINT('',(14.440387711556,22.918914821611,
    6.910264424472E-02));
#514 = CARTESIAN_POINT('',(14.495688473219,22.868988710714,
    6.884447383968E-02));
#515 = CARTESIAN_POINT('',(14.612445183875,22.780938488897,
    6.657637313524E-02));
#516 = CARTESIAN_POINT('',(14.674051726509,22.742495283572,
    6.456644283584E-02));
#517 = CARTESIAN_POINT('',(14.738057793658,22.708591510414,
    6.181201458134E-02));
#518 = CARTESIAN_POINT('',(14.803892165703,22.67847582885,
    5.844447036382E-02));
#519 = CARTESIAN_POINT('',(14.871241066197,22.651688031153,
    5.459519217536E-02));
#520 = CARTESIAN_POINT('',(15.077662353199,22.580801065009,
    4.199630167335E-02));
#521 = CARTESIAN_POINT('',(15.220973885124,22.545992533412,
    3.21956334232E-02));
#522 = CARTESIAN_POINT('',(15.367695995777,22.521408322727,
    2.204461319418E-02));
#523 = CARTESIAN_POINT('',(15.518006317638,22.506281264408,
    1.25942969229E-02));
#524 = CARTESIAN_POINT('',(15.679868930352,22.501776863009,
    1.75762050524E-02));
#525 = CARTESIAN_POINT('',(15.819803902719,22.5,2.643388153869E-18));
#526 = CARTESIAN_POINT('',(14.500674748976,23.236174169252,
    0.176237277798));
#527 = CARTESIAN_POINT('',(14.509512493762,23.160077163632,
    0.170905137391));
#528 = CARTESIAN_POINT('',(14.53381144925,23.088151603144,0.170631873877
    ));
#529 = CARTESIAN_POINT('',(14.569632270839,23.023719810555,
    0.166410260057));
#530 = CARTESIAN_POINT('',(14.609696877373,22.96840506453,0.161368830497
    ));
#531 = CARTESIAN_POINT('',(14.654909448292,22.917940230367,
    0.155602179321));
#532 = CARTESIAN_POINT('',(14.751779110862,22.827209821926,
    0.142807621983));
#533 = CARTESIAN_POINT('',(14.80356406814,22.786655489033,0.135779715821
    ));
#534 = CARTESIAN_POINT('',(14.858014604788,22.750072753527,0.12821577629
    ));
#535 = CARTESIAN_POINT('',(14.914636165023,22.716885020211,
    0.120210397514));
#536 = CARTESIAN_POINT('',(14.97312418391,22.686778372632,0.111858173618
    ));
#537 = CARTESIAN_POINT('',(15.15384389425,22.60554797397,
    8.604474893684E-02));
#538 = CARTESIAN_POINT('',(15.281231712376,22.563342847544,
    6.782679516112E-02));
#539 = CARTESIAN_POINT('',(15.413085232526,22.531882487924,
    4.935659038831E-02));
#540 = CARTESIAN_POINT('',(15.548835679757,22.511218127467,
    3.139088760968E-02));
#541 = CARTESIAN_POINT('',(15.688254210934,22.501599176708,
    2.075432069719E-02));
#542 = CARTESIAN_POINT('',(15.819803902719,22.5,6.344131569287E-18));
#543 = CARTESIAN_POINT('',(14.666408358082,23.269320891073,
    0.345253059177));
#544 = CARTESIAN_POINT('',(14.673026217866,23.197656469366,
    0.333928211645));
#545 = CARTESIAN_POINT('',(14.684918135431,23.127686325796,
    0.318758435438));
#546 = CARTESIAN_POINT('',(14.711834514962,23.065039230827,
    0.305155425986));
#547 = CARTESIAN_POINT('',(14.743202940391,23.010365167206,
    0.291346902376));
#548 = CARTESIAN_POINT('',(14.779803967756,22.959762258,0.277356577779)
  );
#549 = CARTESIAN_POINT('',(14.860099687751,22.867357735567,
    0.249059752958));
#550 = CARTESIAN_POINT('',(14.90390829784,22.825282041164,0.234753252732
    ));
#551 = CARTESIAN_POINT('',(14.950759396875,22.786642546895,
    0.220312377865));
#552 = CARTESIAN_POINT('',(15.000178057581,22.750998396943,
    0.205760841528));
#553 = CARTESIAN_POINT('',(15.051832686552,22.718158246349,
    0.191122356892));
#554 = CARTESIAN_POINT('',(15.212939699658,22.628224290351,
    0.147017197609));
#555 = CARTESIAN_POINT('',(15.32846097996,22.579552389894,0.117360817585
    ));
#556 = CARTESIAN_POINT('',(15.449263774606,22.541873379293,
    8.764120243427E-02));
#557 = CARTESIAN_POINT('',(15.573989430307,22.516046318574,
    5.804805753522E-02));
#558 = CARTESIAN_POINT('',(15.692171369042,22.501066117805,
    2.517910009341E-02));
#559 = CARTESIAN_POINT('',(15.819803902719,22.5,9.51619735393E-18));
#560 = CARTESIAN_POINT('',(14.781615204157,23.292362260288,
    0.551202135017));
#561 = CARTESIAN_POINT('',(14.787278183896,23.225383423486,
    0.530008301284));
#562 = CARTESIAN_POINT('',(14.790819601711,23.158147387121,
    0.498251204092));
#563 = CARTESIAN_POINT('',(14.811328039509,23.097636194968,
    0.472872210453));
#564 = CARTESIAN_POINT('',(14.836443266416,23.043772384405,
    0.448126733868));
#565 = CARTESIAN_POINT('',(14.86678573561,22.99323105128,0.423941676216)
  );
#566 = CARTESIAN_POINT('',(14.935063104824,22.899564665974,
    0.376546202533));
#567 = CARTESIAN_POINT('',(14.973094362611,22.856196849316,
    0.353335786502));
#568 = CARTESIAN_POINT('',(15.014464214718,22.815785786107,0.33053959316
    ));
#569 = CARTESIAN_POINT('',(15.058720425452,22.778041792223,
    0.308084524385));
#570 = CARTESIAN_POINT('',(15.105512502279,22.742894121961,
    0.285897482057));
#571 = CARTESIAN_POINT('',(15.252750082931,22.645684660191,
    0.219921140044));
#572 = CARTESIAN_POINT('',(15.360003939143,22.591708911072,
    0.176716625332));
#573 = CARTESIAN_POINT('',(15.473261609209,22.549075604961,
    0.133707038945));
#574 = CARTESIAN_POINT('',(15.590520349002,22.519250225954,
    9.030759590863E-02));
#575 = CARTESIAN_POINT('',(15.694444377705,22.500444215752,
    3.459053449532E-02));
#576 = CARTESIAN_POINT('',(15.819803902719,22.5,1.057355261548E-17));
#577 = CARTESIAN_POINT('',(14.839223227028,23.303883864862,
    0.775600524744));
#578 = CARTESIAN_POINT('',(14.846799575365,23.242164262693,
    0.743283836213));
#579 = CARTESIAN_POINT('',(14.859617212094,23.182347221283,
    0.710967147682));
#580 = CARTESIAN_POINT('',(14.877267975073,23.125237998466,
    0.678650459151));
#581 = CARTESIAN_POINT('',(14.89885717275,23.071362701841,0.64633377062)
  );
#582 = CARTESIAN_POINT('',(14.924456544798,23.01984660522,0.614017082089
    ));
#583 = CARTESIAN_POINT('',(14.982927797016,22.922146944428,
    0.549383705027));
#584 = CARTESIAN_POINT('',(15.015823741442,22.875880142012,
    0.517067016496));
#585 = CARTESIAN_POINT('',(15.052166088654,22.832217988292,
    0.484750327965));
#586 = CARTESIAN_POINT('',(15.091712297608,22.791241825203,
    0.452433639434));
#587 = CARTESIAN_POINT('',(15.134191201747,22.753092715894,
    0.420116950903));
#588 = CARTESIAN_POINT('',(15.269526623504,22.647728902397,0.32316688531
    ));
#589 = CARTESIAN_POINT('',(15.370290971276,22.589542267608,
    0.258533508248));
#590 = CARTESIAN_POINT('',(15.478983749704,22.544770793662,
    0.193900131186));
#591 = CARTESIAN_POINT('',(15.59275393842,22.514763263595,0.129266754124
    ));
#592 = CARTESIAN_POINT('',(15.707462314115,22.5,6.463337706197E-02));
#593 = CARTESIAN_POINT('',(15.819803902719,22.5,7.930164461608E-18));
#594 = CARTESIAN_POINT('',(14.839223227028,23.303883864862,1.));
#595 = CARTESIAN_POINT('',(14.850445979128,23.24777010436,0.958333333333
    ));
#596 = CARTESIAN_POINT('',(14.865522065067,23.192427011346,
    0.916666666667));
#597 = CARTESIAN_POINT('',(14.884385334368,23.138185341931,0.875));
#598 = CARTESIAN_POINT('',(14.906931773642,23.085368302012,
    0.833333333333));
#599 = CARTESIAN_POINT('',(14.933020833906,23.034284965725,
    0.791666666667));
#600 = CARTESIAN_POINT('',(14.991936921206,22.936164061802,
    0.708333333333));
#601 = CARTESIAN_POINT('',(15.024764786546,22.889125471313,
    0.666666666667));
#602 = CARTESIAN_POINT('',(15.060786367042,22.844401036447,0.625));
#603 = CARTESIAN_POINT('',(15.099796400359,22.802257868127,
    0.583333333333));
#604 = CARTESIAN_POINT('',(15.141560468362,22.762937894045,
    0.541666666667));
#605 = CARTESIAN_POINT('',(15.274324054615,22.654097787896,
    0.416666666667));
#606 = CARTESIAN_POINT('',(15.372798433068,22.593693591493,
    0.333333333333));
#607 = CARTESIAN_POINT('',(15.47915185904,22.547155842561,0.25));
#608 = CARTESIAN_POINT('',(15.590903861735,22.515718552834,
    0.166666666667));
#609 = CARTESIAN_POINT('',(15.705353838806,22.5,8.333333333334E-02));
#610 = CARTESIAN_POINT('',(15.819803902719,22.5,0.));
#611 = ADVANCED_FACE('',(#612,#630),#664,.F.);
#612 = FACE_BOUND('',#613,.F.);
#613 = EDGE_LOOP('',(#614,#615,#623,#629));
#614 = ORIENTED_EDGE('',*,*,#40,.F.);
#615 = ORIENTED_EDGE('',*,*,#616,.T.);
#616 = EDGE_CURVE('',#41,#617,#619,.T.);
#617 = VERTEX_POINT('',#618);
#618 = CARTESIAN_POINT('',(30.5,-21.,11.));
#619 = LINE('',#620,#621);
#620 = CARTESIAN_POINT('',(30.5,-21.,0.));
#621 = VECTOR('',#622,1.);
#622 = DIRECTION('',(0.,0.,1.));
#623 = ORIENTED_EDGE('',*,*,#624,.T.);
#624 = EDGE_CURVE('',#617,#418,#625,.T.);
#625 = LINE('',#626,#627);
#626 = CARTESIAN_POINT('',(30.5,-22.5,11.));
#627 = VECTOR('',#628,1.);
#628 = DIRECTION('',(0.,1.,0.));
#629 = ORIENTED_EDGE('',*,*,#417,.F.);
#630 = FACE_BOUND('',#631,.F.);
#631 = EDGE_LOOP('',(#632,#642,#650,#658));
#632 = ORIENTED_EDGE('',*,*,#633,.T.);
#633 = EDGE_CURVE('',#634,#636,#638,.T.);
#634 = VERTEX_POINT('',#635);
#635 = CARTESIAN_POINT('',(30.5,-18.,10.25));
#636 = VERTEX_POINT('',#637);
#637 = CARTESIAN_POINT('',(30.5,-18.,6.75));
#638 = LINE('',#639,#640);
#639 = CARTESIAN_POINT('',(30.5,-18.,10.25));
#640 = VECTOR('',#641,1.);
#641 = DIRECTION('',(0.,0.,-1.));
#642 = ORIENTED_EDGE('',*,*,#643,.T.);
#643 = EDGE_CURVE('',#636,#644,#646,.T.);
#644 = VERTEX_POINT('',#645);
#645 = CARTESIAN_POINT('',(30.5,-13.,6.75));
#646 = LINE('',#647,#648);
#647 = CARTESIAN_POINT('',(30.5,-18.,6.75));
#648 = VECTOR('',#649,1.);
#649 = DIRECTION('',(0.,1.,0.));
#650 = ORIENTED_EDGE('',*,*,#651,.T.);
#651 = EDGE_CURVE('',#644,#652,#654,.T.);
#652 = VERTEX_POINT('',#653);
#653 = CARTESIAN_POINT('',(30.5,-13.,10.25));
#654 = LINE('',#655,#656);
#655 = CARTESIAN_POINT('',(30.5,-13.,6.75));
#656 = VECTOR('',#657,1.);
#657 = DIRECTION('',(0.,0.,1.));
#658 = ORIENTED_EDGE('',*,*,#659,.T.);
#659 = EDGE_CURVE('',#652,#634,#660,.T.);
#660 = LINE('',#661,#662);
#661 = CARTESIAN_POINT('',(30.5,-13.,10.25));
#662 = VECTOR('',#663,1.);
#663 = DIRECTION('',(0.,-1.,0.));
#664 = PLANE('',#665);
#665 = AXIS2_PLACEMENT_3D('',#666,#667,#668);
#666 = CARTESIAN_POINT('',(30.5,-22.5,0.));
#667 = DIRECTION('',(-1.,0.,0.));
#668 = DIRECTION('',(0.,1.,0.));
#669 = ADVANCED_FACE('',(#670),#697,.T.);
#670 = FACE_BOUND('',#671,.T.);
#671 = EDGE_LOOP('',(#672,#680,#681,#682,#691));
#672 = ORIENTED_EDGE('',*,*,#673,.F.);
#673 = EDGE_CURVE('',#443,#674,#676,.T.);
#674 = VERTEX_POINT('',#675);
#675 = CARTESIAN_POINT('',(14.4,25.5,1.));
#676 = LINE('',#677,#678);
#677 = CARTESIAN_POINT('',(15.,22.5,1.));
#678 = VECTOR('',#679,1.);
#679 = DIRECTION('',(-0.196116135138,0.980580675691,0.));
#680 = ORIENTED_EDGE('',*,*,#442,.F.);
#681 = ORIENTED_EDGE('',*,*,#277,.T.);
#682 = ORIENTED_EDGE('',*,*,#683,.T.);
#683 = EDGE_CURVE('',#270,#684,#686,.T.);
#684 = VERTEX_POINT('',#685);
#685 = CARTESIAN_POINT('',(14.160776772972,26.696116135138,1.));
#686 = CIRCLE('',#687,1.);
#687 = AXIS2_PLACEMENT_3D('',#688,#689,#690);
#688 = CARTESIAN_POINT('',(13.180196097281,26.5,1.));
#689 = DIRECTION('',(0.196116135138,-0.980580675691,0.));
#690 = DIRECTION('',(0.980580675691,0.196116135138,0.));
#691 = ORIENTED_EDGE('',*,*,#692,.F.);
#692 = EDGE_CURVE('',#674,#684,#693,.T.);
#693 = LINE('',#694,#695);
#694 = CARTESIAN_POINT('',(15.,22.5,1.));
#695 = VECTOR('',#696,1.);
#696 = DIRECTION('',(-0.196116135138,0.980580675691,0.));
#697 = CYLINDRICAL_SURFACE('',#698,1.);
#698 = AXIS2_PLACEMENT_3D('',#699,#700,#701);
#699 = CARTESIAN_POINT('',(14.019419324309,22.303883864862,1.));
#700 = DIRECTION('',(-0.196116135138,0.980580675691,0.));
#701 = DIRECTION('',(0.980580675691,0.196116135138,0.));
#702 = ADVANCED_FACE('',(#703),#722,.T.);
#703 = FACE_BOUND('',#704,.F.);
#704 = EDGE_LOOP('',(#705,#706,#714,#721));
#705 = ORIENTED_EDGE('',*,*,#48,.T.);
#706 = ORIENTED_EDGE('',*,*,#707,.T.);
#707 = EDGE_CURVE('',#49,#708,#710,.T.);
#708 = VERTEX_POINT('',#709);
#709 = CARTESIAN_POINT('',(29.,-22.5,11.));
#710 = LINE('',#711,#712);
#711 = CARTESIAN_POINT('',(29.,-22.5,0.));
#712 = VECTOR('',#713,1.);
#713 = DIRECTION('',(0.,0.,1.));
#714 = ORIENTED_EDGE('',*,*,#715,.F.);
#715 = EDGE_CURVE('',#617,#708,#716,.T.);
#716 = CIRCLE('',#717,1.5);
#717 = AXIS2_PLACEMENT_3D('',#718,#719,#720);
#718 = CARTESIAN_POINT('',(29.,-21.,11.));
#719 = DIRECTION('',(-0.,-0.,-1.));
#720 = DIRECTION('',(0.,-1.,0.));
#721 = ORIENTED_EDGE('',*,*,#616,.F.);
#722 = CYLINDRICAL_SURFACE('',#723,1.5);
#723 = AXIS2_PLACEMENT_3D('',#724,#725,#726);
#724 = CARTESIAN_POINT('',(29.,-21.,0.));
#725 = DIRECTION('',(0.,0.,1.));
#726 = DIRECTION('',(1.,0.,0.));
#727 = ADVANCED_FACE('',(#728),#755,.T.);
#728 = FACE_BOUND('',#729,.T.);
#729 = EDGE_LOOP('',(#730,#739,#740,#749));
#730 = ORIENTED_EDGE('',*,*,#731,.F.);
#731 = EDGE_CURVE('',#270,#732,#734,.T.);
#732 = VERTEX_POINT('',#733);
#733 = CARTESIAN_POINT('',(13.180196097281,27.5,1.));
#734 = CIRCLE('',#735,1.);
#735 = AXIS2_PLACEMENT_3D('',#736,#737,#738);
#736 = CARTESIAN_POINT('',(13.180196097281,26.5,1.));
#737 = DIRECTION('',(1.,-6.661338147751E-16,0.));
#738 = DIRECTION('',(6.661338147751E-16,1.,0.));
#739 = ORIENTED_EDGE('',*,*,#269,.T.);
#740 = ORIENTED_EDGE('',*,*,#741,.F.);
#741 = EDGE_CURVE('',#742,#262,#744,.T.);
#742 = VERTEX_POINT('',#743);
#743 = CARTESIAN_POINT('',(11.,27.5,1.));
#744 = CIRCLE('',#745,1.);
#745 = AXIS2_PLACEMENT_3D('',#746,#747,#748);
#746 = CARTESIAN_POINT('',(11.,26.5,1.));
#747 = DIRECTION('',(-1.,0.,0.));
#748 = DIRECTION('',(0.,0.,-1.));
#749 = ORIENTED_EDGE('',*,*,#750,.F.);
#750 = EDGE_CURVE('',#732,#742,#751,.T.);
#751 = LINE('',#752,#753);
#752 = CARTESIAN_POINT('',(14.,27.5,1.));
#753 = VECTOR('',#754,1.);
#754 = DIRECTION('',(-1.,0.,0.));
#755 = CYLINDRICAL_SURFACE('',#756,1.);
#756 = AXIS2_PLACEMENT_3D('',#757,#758,#759);
#757 = CARTESIAN_POINT('',(14.,26.5,1.));
#758 = DIRECTION('',(-1.,0.,0.));
#759 = DIRECTION('',(0.,1.,0.));
#760 = ADVANCED_FACE('',(#761),#851,.F.);
#761 = FACE_BOUND('',#762,.F.);
#762 = EDGE_LOOP('',(#763,#764,#772,#778,#779,#780,#788,#801,#809,#815,
    #816,#824,#832,#845));
#763 = ORIENTED_EDGE('',*,*,#165,.F.);
#764 = ORIENTED_EDGE('',*,*,#765,.T.);
#765 = EDGE_CURVE('',#166,#766,#768,.T.);
#766 = VERTEX_POINT('',#767);
#767 = CARTESIAN_POINT('',(-29.,-22.5,11.));
#768 = LINE('',#769,#770);
#769 = CARTESIAN_POINT('',(-29.,-22.5,0.));
#770 = VECTOR('',#771,1.);
#771 = DIRECTION('',(0.,0.,1.));
#772 = ORIENTED_EDGE('',*,*,#773,.T.);
#773 = EDGE_CURVE('',#766,#708,#774,.T.);
#774 = LINE('',#775,#776);
#775 = CARTESIAN_POINT('',(-30.5,-22.5,11.));
#776 = VECTOR('',#777,1.);
#777 = DIRECTION('',(1.,0.,0.));
#778 = ORIENTED_EDGE('',*,*,#707,.F.);
#779 = ORIENTED_EDGE('',*,*,#57,.F.);
#780 = ORIENTED_EDGE('',*,*,#781,.T.);
#781 = EDGE_CURVE('',#58,#782,#784,.T.);
#782 = VERTEX_POINT('',#783);
#783 = CARTESIAN_POINT('',(15.819803902719,-22.5,3.));
#784 = LINE('',#785,#786);
#785 = CARTESIAN_POINT('',(15.819803902719,-22.5,0.));
#786 = VECTOR('',#787,1.);
#787 = DIRECTION('',(0.,0.,1.));
#788 = ORIENTED_EDGE('',*,*,#789,.T.);
#789 = EDGE_CURVE('',#782,#790,#792,.T.);
#790 = VERTEX_POINT('',#791);
#791 = CARTESIAN_POINT('',(13.780196097281,-22.5,5.));
#792 = ( BOUNDED_CURVE() B_SPLINE_CURVE(7,(#793,#794,#795,#796,#797,#798
,#799,#800),.UNSPECIFIED.,.F.,.F.) B_SPLINE_CURVE_WITH_KNOTS((8,8),(0.,
1.570796326795),.PIECEWISE_BEZIER_KNOTS.) CURVE() 
GEOMETRIC_REPRESENTATION_ITEM() RATIONAL_B_SPLINE_CURVE((1.,1.,1.,1.,1.,
1.,1.,1.)) REPRESENTATION_ITEM('') );
#793 = CARTESIAN_POINT('',(15.819803902719,-22.5,3.));
#794 = CARTESIAN_POINT('',(15.819803902719,-22.5,3.457686921269));
#795 = CARTESIAN_POINT('',(15.695108646686,-22.5,3.915332715558));
#796 = CARTESIAN_POINT('',(15.444962669765,-22.5,4.330972200283));
#797 = CARTESIAN_POINT('',(15.093398773014,-22.5,4.660502613789));
#798 = CARTESIAN_POINT('',(14.677887010833,-22.5,4.88686400226));
#799 = CARTESIAN_POINT('',(14.228995047794,-22.5,5.));
#800 = CARTESIAN_POINT('',(13.780196097281,-22.5,5.));
#801 = ORIENTED_EDGE('',*,*,#802,.F.);
#802 = EDGE_CURVE('',#803,#790,#805,.T.);
#803 = VERTEX_POINT('',#804);
#804 = CARTESIAN_POINT('',(11.,-22.5,5.));
#805 = LINE('',#806,#807);
#806 = CARTESIAN_POINT('',(11.,-22.5,5.));
#807 = VECTOR('',#808,1.);
#808 = DIRECTION('',(1.,0.,0.));
#809 = ORIENTED_EDGE('',*,*,#810,.F.);
#810 = EDGE_CURVE('',#104,#803,#811,.T.);
#811 = LINE('',#812,#813);
#812 = CARTESIAN_POINT('',(11.,-22.5,0.));
#813 = VECTOR('',#814,1.);
#814 = DIRECTION('',(0.,0.,1.));
#815 = ORIENTED_EDGE('',*,*,#111,.F.);
#816 = ORIENTED_EDGE('',*,*,#817,.T.);
#817 = EDGE_CURVE('',#112,#818,#820,.T.);
#818 = VERTEX_POINT('',#819);
#819 = CARTESIAN_POINT('',(-11.,-22.5,5.));
#820 = LINE('',#821,#822);
#821 = CARTESIAN_POINT('',(-11.,-22.5,2.75));
#822 = VECTOR('',#823,1.);
#823 = DIRECTION('',(0.,0.,1.));
#824 = ORIENTED_EDGE('',*,*,#825,.T.);
#825 = EDGE_CURVE('',#818,#826,#828,.T.);
#826 = VERTEX_POINT('',#827);
#827 = CARTESIAN_POINT('',(-13.78019609728,-22.5,5.));
#828 = LINE('',#829,#830);
#829 = CARTESIAN_POINT('',(-11.,-22.5,5.));
#830 = VECTOR('',#831,1.);
#831 = DIRECTION('',(-1.,0.,0.));
#832 = ORIENTED_EDGE('',*,*,#833,.F.);
#833 = EDGE_CURVE('',#834,#826,#836,.T.);
#834 = VERTEX_POINT('',#835);
#835 = CARTESIAN_POINT('',(-15.81980390271,-22.5,3.));
#836 = ( BOUNDED_CURVE() B_SPLINE_CURVE(7,(#837,#838,#839,#840,#841,#842
,#843,#844),.UNSPECIFIED.,.F.,.F.) B_SPLINE_CURVE_WITH_KNOTS((8,8),(0.,
1.570796326795),.PIECEWISE_BEZIER_KNOTS.) CURVE() 
GEOMETRIC_REPRESENTATION_ITEM() RATIONAL_B_SPLINE_CURVE((1.,1.,1.,1.,1.,
1.,1.,1.)) REPRESENTATION_ITEM('') );
#837 = CARTESIAN_POINT('',(-15.81980390271,-22.5,3.));
#838 = CARTESIAN_POINT('',(-15.81980390271,-22.5,3.457686921269));
#839 = CARTESIAN_POINT('',(-15.69510864668,-22.5,3.915332715558));
#840 = CARTESIAN_POINT('',(-15.44496266976,-22.5,4.330972200283));
#841 = CARTESIAN_POINT('',(-15.09339877301,-22.5,4.660502613789));
#842 = CARTESIAN_POINT('',(-14.67788701083,-22.5,4.88686400226));
#843 = CARTESIAN_POINT('',(-14.22899504779,-22.5,5.));
#844 = CARTESIAN_POINT('',(-13.78019609728,-22.5,5.));
#845 = ORIENTED_EDGE('',*,*,#846,.F.);
#846 = EDGE_CURVE('',#144,#834,#847,.T.);
#847 = LINE('',#848,#849);
#848 = CARTESIAN_POINT('',(-15.81980390271,-22.5,0.));
#849 = VECTOR('',#850,1.);
#850 = DIRECTION('',(0.,0.,1.));
#851 = PLANE('',#852);
#852 = AXIS2_PLACEMENT_3D('',#853,#854,#855);
#853 = CARTESIAN_POINT('',(-30.5,-22.5,0.));
#854 = DIRECTION('',(0.,1.,0.));
#855 = DIRECTION('',(1.,0.,0.));
#856 = ADVANCED_FACE('',(#857,#894),#921,.F.);
#857 = FACE_BOUND('',#858,.F.);
#858 = EDGE_LOOP('',(#859,#867,#876,#884,#891,#892,#893));
#859 = ORIENTED_EDGE('',*,*,#860,.T.);
#860 = EDGE_CURVE('',#742,#861,#863,.T.);
#861 = VERTEX_POINT('',#862);
#862 = CARTESIAN_POINT('',(11.,27.5,3.));
#863 = LINE('',#864,#865);
#864 = CARTESIAN_POINT('',(11.,27.5,0.));
#865 = VECTOR('',#866,1.);
#866 = DIRECTION('',(0.,0.,1.));
#867 = ORIENTED_EDGE('',*,*,#868,.F.);
#868 = EDGE_CURVE('',#869,#861,#871,.T.);
#869 = VERTEX_POINT('',#870);
#870 = CARTESIAN_POINT('',(11.,26.5,4.));
#871 = CIRCLE('',#872,1.);
#872 = AXIS2_PLACEMENT_3D('',#873,#874,#875);
#873 = CARTESIAN_POINT('',(11.,26.5,3.));
#874 = DIRECTION('',(-1.,0.,0.));
#875 = DIRECTION('',(0.,0.,-1.));
#876 = ORIENTED_EDGE('',*,*,#877,.T.);
#877 = EDGE_CURVE('',#869,#878,#880,.T.);
#878 = VERTEX_POINT('',#879);
#879 = CARTESIAN_POINT('',(11.,23.5,4.));
#880 = LINE('',#881,#882);
#881 = CARTESIAN_POINT('',(11.,27.5,4.));
#882 = VECTOR('',#883,1.);
#883 = DIRECTION('',(0.,-1.,0.));
#884 = ORIENTED_EDGE('',*,*,#885,.F.);
#885 = EDGE_CURVE('',#336,#878,#886,.T.);
#886 = CIRCLE('',#887,1.);
#887 = AXIS2_PLACEMENT_3D('',#888,#889,#890);
#888 = CARTESIAN_POINT('',(11.,23.5,5.));
#889 = DIRECTION('',(1.,0.,-0.));
#890 = DIRECTION('',(0.,0.,1.));
#891 = ORIENTED_EDGE('',*,*,#343,.F.);
#892 = ORIENTED_EDGE('',*,*,#261,.F.);
#893 = ORIENTED_EDGE('',*,*,#741,.F.);
#894 = FACE_BOUND('',#895,.F.);
#895 = EDGE_LOOP('',(#896,#906,#915));
#896 = ORIENTED_EDGE('',*,*,#897,.F.);
#897 = EDGE_CURVE('',#898,#900,#902,.T.);
#898 = VERTEX_POINT('',#899);
#899 = CARTESIAN_POINT('',(11.,26.20710678119,2.707106781183));
#900 = VERTEX_POINT('',#901);
#901 = CARTESIAN_POINT('',(11.,25.5,3.414213562374));
#902 = LINE('',#903,#904);
#903 = CARTESIAN_POINT('',(11.,26.20710678119,2.707106781184));
#904 = VECTOR('',#905,1.);
#905 = DIRECTION('',(0.,-0.707106781187,0.707106781186));
#906 = ORIENTED_EDGE('',*,*,#907,.T.);
#907 = EDGE_CURVE('',#898,#908,#910,.T.);
#908 = VERTEX_POINT('',#909);
#909 = CARTESIAN_POINT('',(11.,24.792893218808,2.707106781182));
#910 = CIRCLE('',#911,1.);
#911 = AXIS2_PLACEMENT_3D('',#912,#913,#914);
#912 = CARTESIAN_POINT('',(11.,25.5,2.));
#913 = DIRECTION('',(-1.,0.,0.));
#914 = DIRECTION('',(0.,-1.,0.));
#915 = ORIENTED_EDGE('',*,*,#916,.F.);
#916 = EDGE_CURVE('',#900,#908,#917,.T.);
#917 = LINE('',#918,#919);
#918 = CARTESIAN_POINT('',(11.,25.5,3.414213562374));
#919 = VECTOR('',#920,1.);
#920 = DIRECTION('',(0.,-0.707106781187,-0.707106781186));
#921 = PLANE('',#922);
#922 = AXIS2_PLACEMENT_3D('',#923,#924,#925);
#923 = CARTESIAN_POINT('',(11.,27.5,0.));
#924 = DIRECTION('',(1.,0.,0.));
#925 = DIRECTION('',(0.,-1.,0.));
#926 = ADVANCED_FACE('',(#927),#963,.F.);
#927 = FACE_BOUND('',#928,.F.);
#928 = EDGE_LOOP('',(#929,#942,#962));
#929 = ORIENTED_EDGE('',*,*,#930,.T.);
#930 = EDGE_CURVE('',#66,#931,#933,.T.);
#931 = VERTEX_POINT('',#932);
#932 = CARTESIAN_POINT('',(14.839223227028,-23.30388386486,1.));
#933 = B_SPLINE_CURVE_WITH_KNOTS('',7,(#934,#935,#936,#937,#938,#939,
    #940,#941),.UNSPECIFIED.,.F.,.F.,(8,8),(0.,1.),
  .PIECEWISE_BEZIER_KNOTS.);
#934 = CARTESIAN_POINT('',(13.858642551337,-23.10776772972,
    5.551115123126E-17));
#935 = CARTESIAN_POINT('',(14.078684340408,-23.15177608753,
    5.551115123126E-17));
#936 = CARTESIAN_POINT('',(14.298725065031,-23.19578423246,
    5.874888655163E-02));
#937 = CARTESIAN_POINT('',(14.500674748976,-23.23617416925,
    0.176237277798));
#938 = CARTESIAN_POINT('',(14.666408358082,-23.26932089107,
    0.345253059177));
#939 = CARTESIAN_POINT('',(14.781615204157,-23.29236226028,
    0.551202135017));
#940 = CARTESIAN_POINT('',(14.839223227028,-23.30388386486,
    0.775600524744));
#941 = CARTESIAN_POINT('',(14.839223227028,-23.30388386486,1.));
#942 = ORIENTED_EDGE('',*,*,#943,.T.);
#943 = EDGE_CURVE('',#931,#58,#944,.T.);
#944 = B_SPLINE_CURVE_WITH_KNOTS('',6,(#945,#946,#947,#948,#949,#950,
    #951,#952,#953,#954,#955,#956,#957,#958,#959,#960,#961),
  .UNSPECIFIED.,.F.,.F.,(7,5,5,7),(0.,0.25,0.5,1.),.UNSPECIFIED.);
#945 = CARTESIAN_POINT('',(14.839223227028,-23.30388386486,1.));
#946 = CARTESIAN_POINT('',(14.850445979128,-23.24777010436,
    0.958333333333));
#947 = CARTESIAN_POINT('',(14.865522065067,-23.19242701134,
    0.916666666667));
#948 = CARTESIAN_POINT('',(14.884385334368,-23.13818534193,0.875));
#949 = CARTESIAN_POINT('',(14.906931773642,-23.08536830201,
    0.833333333333));
#950 = CARTESIAN_POINT('',(14.933020833906,-23.03428496572,
    0.791666666667));
#951 = CARTESIAN_POINT('',(14.991936921206,-22.9361640618,0.708333333333
    ));
#952 = CARTESIAN_POINT('',(15.024764786546,-22.88912547131,
    0.666666666667));
#953 = CARTESIAN_POINT('',(15.060786367042,-22.84440103644,0.625));
#954 = CARTESIAN_POINT('',(15.099796400359,-22.80225786812,
    0.583333333333));
#955 = CARTESIAN_POINT('',(15.141560468362,-22.76293789404,
    0.541666666667));
#956 = CARTESIAN_POINT('',(15.274324054615,-22.65409778789,
    0.416666666667));
#957 = CARTESIAN_POINT('',(15.372798433068,-22.59369359149,
    0.333333333333));
#958 = CARTESIAN_POINT('',(15.47915185904,-22.54715584256,0.25));
#959 = CARTESIAN_POINT('',(15.590903861735,-22.51571855283,
    0.166666666667));
#960 = CARTESIAN_POINT('',(15.705353838806,-22.5,8.333333333334E-02));
#961 = CARTESIAN_POINT('',(15.819803902719,-22.5,0.));
#962 = ORIENTED_EDGE('',*,*,#65,.F.);
#963 = B_SPLINE_SURFACE_WITH_KNOTS('',7,6,(
    (#964,#965,#966,#967,#968,#969,#970,#971,#972,#973,#974,#975,#976
      ,#977,#978,#979,#980)
    ,(#981,#982,#983,#984,#985,#986,#987,#988,#989,#990,#991,#992,#993
      ,#994,#995,#996,#997)
    ,(#998,#999,#1000,#1001,#1002,#1003,#1004,#1005,#1006,#1007,#1008
      ,#1009,#1010,#1011,#1012,#1013,#1014)
    ,(#1015,#1016,#1017,#1018,#1019,#1020,#1021,#1022,#1023,#1024,#1025
      ,#1026,#1027,#1028,#1029,#1030,#1031)
    ,(#1032,#1033,#1034,#1035,#1036,#1037,#1038,#1039,#1040,#1041,#1042
      ,#1043,#1044,#1045,#1046,#1047,#1048)
    ,(#1049,#1050,#1051,#1052,#1053,#1054,#1055,#1056,#1057,#1058,#1059
      ,#1060,#1061,#1062,#1063,#1064,#1065)
    ,(#1066,#1067,#1068,#1069,#1070,#1071,#1072,#1073,#1074,#1075,#1076
      ,#1077,#1078,#1079,#1080,#1081,#1082)
    ,(#1083,#1084,#1085,#1086,#1087,#1088,#1089,#1090,#1091,#1092,#1093
      ,#1094,#1095,#1096,#1097,#1098,#1099
    )),.UNSPECIFIED.,.F.,.F.,.F.,(8,8),(7,5,5,7),(0.,1.),(0.,0.25,0.5,1.
    ),.UNSPECIFIED.);
#964 = CARTESIAN_POINT('',(13.858642551337,-23.10776772972,
    5.551115123126E-17));
#965 = CARTESIAN_POINT('',(13.876429904667,-23.01883096307,
    5.319818659662E-17));
#966 = CARTESIAN_POINT('',(13.916460897905,-22.9343570139,
    4.672188561964E-17));
#967 = CARTESIAN_POINT('',(13.982789536628,-22.86392181062,
    4.297777411733E-17));
#968 = CARTESIAN_POINT('',(14.054465941449,-22.80988596261,
    3.960951936814E-17));
#969 = CARTESIAN_POINT('',(14.133447546959,-22.76355920602,
    3.657375328518E-17));
#970 = CARTESIAN_POINT('',(14.297536162564,-22.68678054888,
    3.108046227792E-17));
#971 = CARTESIAN_POINT('',(14.382915127368,-22.65577271685,
    2.862293735362E-17));
#972 = CARTESIAN_POINT('',(14.470167900232,-22.63022468563,
    2.641116492175E-17));
#973 = CARTESIAN_POINT('',(14.558351282456,-22.60873942232,
    2.440177689541E-17));
#974 = CARTESIAN_POINT('',(14.647039725574,-22.5904445568,
    2.25514051877E-17));
#975 = CARTESIAN_POINT('',(14.914896542933,-22.54408803176,
    1.734723475977E-17));
#976 = CARTESIAN_POINT('',(15.095591085018,-22.52423609505,
    1.434038073474E-17));
#977 = CARTESIAN_POINT('',(15.27577057173,-22.51115275478,
    1.144917494145E-17));
#978 = CARTESIAN_POINT('',(15.457760789685,-22.50347419951,
    8.326672684689E-18));
#979 = CARTESIAN_POINT('',(15.638398109657,-22.5,-5.751546222135E-34));
#980 = CARTESIAN_POINT('',(15.819803902719,-22.5,0.));
#981 = CARTESIAN_POINT('',(14.078684340408,-23.15177608753,
    5.551115123126E-17));
#982 = CARTESIAN_POINT('',(14.092202275421,-23.06686199813,
    2.054478607217E-17));
#983 = CARTESIAN_POINT('',(14.12533666376,-22.98588327621,
    -7.544080441697E-17));
#984 = CARTESIAN_POINT('',(14.181552917281,-22.91709511129,
    -1.211783406194E-16));
#985 = CARTESIAN_POINT('',(14.242879137454,-22.86256705509,
    -1.555114438848E-16));
#986 = CARTESIAN_POINT('',(14.31097304693,-22.81489446349,
    -1.797560103213E-16));
#987 = CARTESIAN_POINT('',(14.453373779351,-22.73373426669,
    -2.106998617529E-16));
#988 = CARTESIAN_POINT('',(14.52791382609,-22.69977000268,
    -2.173991467479E-16));
#989 = CARTESIAN_POINT('',(14.604516239045,-22.6708161616,
    -2.166416871303E-16));
#990 = CARTESIAN_POINT('',(14.682343238998,-22.64571344537,
    -2.097433790081E-16));
#991 = CARTESIAN_POINT('',(14.760996581815,-22.62374866929,
    -1.980201184895E-16));
#992 = CARTESIAN_POINT('',(14.999559511733,-22.56646694749,
    -1.523231680689E-16));
#993 = CARTESIAN_POINT('',(15.161845079873,-22.53948918357,
    -1.078223093019E-16));
#994 = CARTESIAN_POINT('',(15.324814750196,-22.52029399481,
    -5.981239424658E-17));
#995 = CARTESIAN_POINT('',(15.490107701116,-22.50788868735,
    -1.882059176789E-17));
#996 = CARTESIAN_POINT('',(15.654626450105,-22.50133264725,
    -7.0429521214E-17));
#997 = CARTESIAN_POINT('',(15.819803902719,-22.5,2.986732578805E-32));
#998 = CARTESIAN_POINT('',(14.298725065031,-23.19578423246,
    5.874888655163E-02));
#999 = CARTESIAN_POINT('',(14.309489168277,-23.11519593762,
    5.696782360283E-02));
#1000 = CARTESIAN_POINT('',(14.344972902967,-23.04081902926,
    6.646581724498E-02));
#1001 = CARTESIAN_POINT('',(14.390503243048,-22.97456349478,
    6.835355271052E-02));
#1002 = CARTESIAN_POINT('',(14.440387711556,-22.91891482161,
    6.910264424472E-02));
#1003 = CARTESIAN_POINT('',(14.495688473219,-22.86898871071,
    6.884447383968E-02));
#1004 = CARTESIAN_POINT('',(14.612445183875,-22.78093848889,
    6.657637313524E-02));
#1005 = CARTESIAN_POINT('',(14.674051726509,-22.74249528357,
    6.456644283584E-02));
#1006 = CARTESIAN_POINT('',(14.738057793658,-22.70859151041,
    6.181201458134E-02));
#1007 = CARTESIAN_POINT('',(14.803892165703,-22.67847582885,
    5.844447036382E-02));
#1008 = CARTESIAN_POINT('',(14.871241066197,-22.65168803115,
    5.459519217536E-02));
#1009 = CARTESIAN_POINT('',(15.077662353199,-22.580801065,
    4.199630167335E-02));
#1010 = CARTESIAN_POINT('',(15.220973885124,-22.54599253341,
    3.21956334232E-02));
#1011 = CARTESIAN_POINT('',(15.367695995777,-22.52140832272,
    2.204461319418E-02));
#1012 = CARTESIAN_POINT('',(15.518006317638,-22.5062812644,
    1.25942969229E-02));
#1013 = CARTESIAN_POINT('',(15.679868930352,-22.501776863,
    1.75762050524E-02));
#1014 = CARTESIAN_POINT('',(15.819803902719,-22.5,2.643388153869E-18));
#1015 = CARTESIAN_POINT('',(14.500674748976,-23.23617416925,
    0.176237277798));
#1016 = CARTESIAN_POINT('',(14.509512493762,-23.16007716363,
    0.170905137391));
#1017 = CARTESIAN_POINT('',(14.53381144925,-23.08815160314,
    0.170631873877));
#1018 = CARTESIAN_POINT('',(14.569632270839,-23.02371981055,
    0.166410260057));
#1019 = CARTESIAN_POINT('',(14.609696877373,-22.96840506453,
    0.161368830497));
#1020 = CARTESIAN_POINT('',(14.654909448292,-22.91794023036,
    0.155602179321));
#1021 = CARTESIAN_POINT('',(14.751779110862,-22.82720982192,
    0.142807621983));
#1022 = CARTESIAN_POINT('',(14.80356406814,-22.78665548903,
    0.135779715821));
#1023 = CARTESIAN_POINT('',(14.858014604788,-22.75007275352,
    0.12821577629));
#1024 = CARTESIAN_POINT('',(14.914636165023,-22.71688502021,
    0.120210397514));
#1025 = CARTESIAN_POINT('',(14.97312418391,-22.68677837263,
    0.111858173618));
#1026 = CARTESIAN_POINT('',(15.15384389425,-22.60554797397,
    8.604474893684E-02));
#1027 = CARTESIAN_POINT('',(15.281231712376,-22.56334284754,
    6.782679516112E-02));
#1028 = CARTESIAN_POINT('',(15.413085232526,-22.53188248792,
    4.935659038831E-02));
#1029 = CARTESIAN_POINT('',(15.548835679757,-22.51121812746,
    3.139088760968E-02));
#1030 = CARTESIAN_POINT('',(15.688254210934,-22.5015991767,
    2.075432069719E-02));
#1031 = CARTESIAN_POINT('',(15.819803902719,-22.5,6.344131569287E-18));
#1032 = CARTESIAN_POINT('',(14.666408358082,-23.26932089107,
    0.345253059177));
#1033 = CARTESIAN_POINT('',(14.673026217866,-23.19765646936,
    0.333928211645));
#1034 = CARTESIAN_POINT('',(14.684918135431,-23.12768632579,
    0.318758435438));
#1035 = CARTESIAN_POINT('',(14.711834514962,-23.06503923082,
    0.305155425986));
#1036 = CARTESIAN_POINT('',(14.743202940391,-23.0103651672,
    0.291346902376));
#1037 = CARTESIAN_POINT('',(14.779803967756,-22.959762258,0.277356577779
    ));
#1038 = CARTESIAN_POINT('',(14.860099687751,-22.86735773556,
    0.249059752958));
#1039 = CARTESIAN_POINT('',(14.90390829784,-22.82528204116,
    0.234753252732));
#1040 = CARTESIAN_POINT('',(14.950759396875,-22.78664254689,
    0.220312377865));
#1041 = CARTESIAN_POINT('',(15.000178057581,-22.75099839694,
    0.205760841528));
#1042 = CARTESIAN_POINT('',(15.051832686552,-22.71815824634,
    0.191122356892));
#1043 = CARTESIAN_POINT('',(15.212939699658,-22.62822429035,
    0.147017197609));
#1044 = CARTESIAN_POINT('',(15.32846097996,-22.57955238989,
    0.117360817585));
#1045 = CARTESIAN_POINT('',(15.449263774606,-22.54187337929,
    8.764120243427E-02));
#1046 = CARTESIAN_POINT('',(15.573989430307,-22.51604631857,
    5.804805753522E-02));
#1047 = CARTESIAN_POINT('',(15.692171369042,-22.5010661178,
    2.517910009341E-02));
#1048 = CARTESIAN_POINT('',(15.819803902719,-22.5,9.51619735393E-18));
#1049 = CARTESIAN_POINT('',(14.781615204157,-23.29236226028,
    0.551202135017));
#1050 = CARTESIAN_POINT('',(14.787278183896,-23.22538342348,
    0.530008301284));
#1051 = CARTESIAN_POINT('',(14.790819601711,-23.15814738712,
    0.498251204092));
#1052 = CARTESIAN_POINT('',(14.811328039509,-23.09763619496,
    0.472872210453));
#1053 = CARTESIAN_POINT('',(14.836443266416,-23.0437723844,
    0.448126733868));
#1054 = CARTESIAN_POINT('',(14.86678573561,-22.99323105128,
    0.423941676216));
#1055 = CARTESIAN_POINT('',(14.935063104824,-22.89956466597,
    0.376546202533));
#1056 = CARTESIAN_POINT('',(14.973094362611,-22.85619684931,
    0.353335786502));
#1057 = CARTESIAN_POINT('',(15.014464214718,-22.8157857861,0.33053959316
    ));
#1058 = CARTESIAN_POINT('',(15.058720425452,-22.77804179222,
    0.308084524385));
#1059 = CARTESIAN_POINT('',(15.105512502279,-22.74289412196,
    0.285897482057));
#1060 = CARTESIAN_POINT('',(15.252750082931,-22.64568466019,
    0.219921140044));
#1061 = CARTESIAN_POINT('',(15.360003939143,-22.59170891107,
    0.176716625332));
#1062 = CARTESIAN_POINT('',(15.473261609209,-22.54907560496,
    0.133707038945));
#1063 = CARTESIAN_POINT('',(15.590520349002,-22.51925022595,
    9.030759590863E-02));
#1064 = CARTESIAN_POINT('',(15.694444377705,-22.50044421575,
    3.459053449532E-02));
#1065 = CARTESIAN_POINT('',(15.819803902719,-22.5,1.057355261548E-17));
#1066 = CARTESIAN_POINT('',(14.839223227028,-23.30388386486,
    0.775600524744));
#1067 = CARTESIAN_POINT('',(14.846799575365,-23.24216426269,
    0.743283836213));
#1068 = CARTESIAN_POINT('',(14.859617212094,-23.18234722128,
    0.710967147682));
#1069 = CARTESIAN_POINT('',(14.877267975073,-23.12523799846,
    0.678650459151));
#1070 = CARTESIAN_POINT('',(14.89885717275,-23.07136270184,0.64633377062
    ));
#1071 = CARTESIAN_POINT('',(14.924456544798,-23.01984660522,
    0.614017082089));
#1072 = CARTESIAN_POINT('',(14.982927797016,-22.92214694442,
    0.549383705027));
#1073 = CARTESIAN_POINT('',(15.015823741442,-22.87588014201,
    0.517067016496));
#1074 = CARTESIAN_POINT('',(15.052166088654,-22.83221798829,
    0.484750327965));
#1075 = CARTESIAN_POINT('',(15.091712297608,-22.7912418252,
    0.452433639434));
#1076 = CARTESIAN_POINT('',(15.134191201747,-22.75309271589,
    0.420116950903));
#1077 = CARTESIAN_POINT('',(15.269526623504,-22.64772890239,
    0.32316688531));
#1078 = CARTESIAN_POINT('',(15.370290971276,-22.5895422676,
    0.258533508248));
#1079 = CARTESIAN_POINT('',(15.478983749704,-22.54477079366,
    0.193900131186));
#1080 = CARTESIAN_POINT('',(15.59275393842,-22.51476326359,
    0.129266754124));
#1081 = CARTESIAN_POINT('',(15.707462314115,-22.5,6.463337706197E-02));
#1082 = CARTESIAN_POINT('',(15.819803902719,-22.5,7.930164461608E-18));
#1083 = CARTESIAN_POINT('',(14.839223227028,-23.30388386486,1.));
#1084 = CARTESIAN_POINT('',(14.850445979128,-23.24777010436,
    0.958333333333));
#1085 = CARTESIAN_POINT('',(14.865522065067,-23.19242701134,
    0.916666666667));
#1086 = CARTESIAN_POINT('',(14.884385334368,-23.13818534193,0.875));
#1087 = CARTESIAN_POINT('',(14.906931773642,-23.08536830201,
    0.833333333333));
#1088 = CARTESIAN_POINT('',(14.933020833906,-23.03428496572,
    0.791666666667));
#1089 = CARTESIAN_POINT('',(14.991936921206,-22.9361640618,
    0.708333333333));
#1090 = CARTESIAN_POINT('',(15.024764786546,-22.88912547131,
    0.666666666667));
#1091 = CARTESIAN_POINT('',(15.060786367042,-22.84440103644,0.625));
#1092 = CARTESIAN_POINT('',(15.099796400359,-22.80225786812,
    0.583333333333));
#1093 = CARTESIAN_POINT('',(15.141560468362,-22.76293789404,
    0.541666666667));
#1094 = CARTESIAN_POINT('',(15.274324054615,-22.65409778789,
    0.416666666667));
#1095 = CARTESIAN_POINT('',(15.372798433068,-22.59369359149,
    0.333333333333));
#1096 = CARTESIAN_POINT('',(15.47915185904,-22.54715584256,0.25));
#1097 = CARTESIAN_POINT('',(15.590903861735,-22.51571855283,
    0.166666666667));
#1098 = CARTESIAN_POINT('',(15.705353838806,-22.5,8.333333333334E-02));
#1099 = CARTESIAN_POINT('',(15.819803902719,-22.5,0.));
#1100 = ADVANCED_FACE('',(#1101),#1128,.T.);
#1101 = FACE_BOUND('',#1102,.F.);
#1102 = EDGE_LOOP('',(#1103,#1111,#1112,#1113,#1122));
#1103 = ORIENTED_EDGE('',*,*,#1104,.F.);
#1104 = EDGE_CURVE('',#931,#1105,#1107,.T.);
#1105 = VERTEX_POINT('',#1106);
#1106 = CARTESIAN_POINT('',(14.4,-25.5,1.));
#1107 = LINE('',#1108,#1109);
#1108 = CARTESIAN_POINT('',(15.,-22.5,1.));
#1109 = VECTOR('',#1110,1.);
#1110 = DIRECTION('',(-0.196116135138,-0.980580675691,-0.));
#1111 = ORIENTED_EDGE('',*,*,#930,.F.);
#1112 = ORIENTED_EDGE('',*,*,#87,.T.);
#1113 = ORIENTED_EDGE('',*,*,#1114,.T.);
#1114 = EDGE_CURVE('',#88,#1115,#1117,.T.);
#1115 = VERTEX_POINT('',#1116);
#1116 = CARTESIAN_POINT('',(14.160776772972,-26.69611613513,1.));
#1117 = CIRCLE('',#1118,1.);
#1118 = AXIS2_PLACEMENT_3D('',#1119,#1120,#1121);
#1119 = CARTESIAN_POINT('',(13.180196097281,-26.5,1.));
#1120 = DIRECTION('',(-0.196116135138,-0.980580675691,0.));
#1121 = DIRECTION('',(0.980580675691,-0.196116135138,0.));
#1122 = ORIENTED_EDGE('',*,*,#1123,.F.);
#1123 = EDGE_CURVE('',#1105,#1115,#1124,.T.);
#1124 = LINE('',#1125,#1126);
#1125 = CARTESIAN_POINT('',(15.,-22.5,1.));
#1126 = VECTOR('',#1127,1.);
#1127 = DIRECTION('',(-0.196116135138,-0.980580675691,-0.));
#1128 = CYLINDRICAL_SURFACE('',#1129,1.);
#1129 = AXIS2_PLACEMENT_3D('',#1130,#1131,#1132);
#1130 = CARTESIAN_POINT('',(14.019419324309,-22.30388386486,1.));
#1131 = DIRECTION('',(-0.196116135138,-0.980580675691,-0.));
#1132 = DIRECTION('',(0.980580675691,-0.196116135138,0.));
#1133 = ADVANCED_FACE('',(#1134,#1179),#1206,.T.);
#1134 = FACE_BOUND('',#1135,.T.);
#1135 = EDGE_LOOP('',(#1136,#1137,#1138,#1147,#1155,#1164,#1172));
#1136 = ORIENTED_EDGE('',*,*,#350,.F.);
#1137 = ORIENTED_EDGE('',*,*,#245,.F.);
#1138 = ORIENTED_EDGE('',*,*,#1139,.F.);
#1139 = EDGE_CURVE('',#1140,#238,#1142,.T.);
#1140 = VERTEX_POINT('',#1141);
#1141 = CARTESIAN_POINT('',(-11.,27.5,1.));
#1142 = CIRCLE('',#1143,1.);
#1143 = AXIS2_PLACEMENT_3D('',#1144,#1145,#1146);
#1144 = CARTESIAN_POINT('',(-11.,26.5,1.));
#1145 = DIRECTION('',(-1.,0.,0.));
#1146 = DIRECTION('',(-0.,-0.,-1.));
#1147 = ORIENTED_EDGE('',*,*,#1148,.T.);
#1148 = EDGE_CURVE('',#1140,#1149,#1151,.T.);
#1149 = VERTEX_POINT('',#1150);
#1150 = CARTESIAN_POINT('',(-11.,27.5,3.));
#1151 = LINE('',#1152,#1153);
#1152 = CARTESIAN_POINT('',(-11.,27.5,0.));
#1153 = VECTOR('',#1154,1.);
#1154 = DIRECTION('',(0.,0.,1.));
#1155 = ORIENTED_EDGE('',*,*,#1156,.F.);
#1156 = EDGE_CURVE('',#1157,#1149,#1159,.T.);
#1157 = VERTEX_POINT('',#1158);
#1158 = CARTESIAN_POINT('',(-11.,26.5,4.));
#1159 = CIRCLE('',#1160,1.);
#1160 = AXIS2_PLACEMENT_3D('',#1161,#1162,#1163);
#1161 = CARTESIAN_POINT('',(-11.,26.5,3.));
#1162 = DIRECTION('',(-1.,0.,0.));
#1163 = DIRECTION('',(-0.,-0.,-1.));
#1164 = ORIENTED_EDGE('',*,*,#1165,.T.);
#1165 = EDGE_CURVE('',#1157,#1166,#1168,.T.);
#1166 = VERTEX_POINT('',#1167);
#1167 = CARTESIAN_POINT('',(-11.,23.5,4.));
#1168 = LINE('',#1169,#1170);
#1169 = CARTESIAN_POINT('',(-11.,27.5,4.));
#1170 = VECTOR('',#1171,1.);
#1171 = DIRECTION('',(-0.,-1.,-0.));
#1172 = ORIENTED_EDGE('',*,*,#1173,.F.);
#1173 = EDGE_CURVE('',#351,#1166,#1174,.T.);
#1174 = CIRCLE('',#1175,1.);
#1175 = AXIS2_PLACEMENT_3D('',#1176,#1177,#1178);
#1176 = CARTESIAN_POINT('',(-11.,23.5,5.));
#1177 = DIRECTION('',(1.,0.,0.));
#1178 = DIRECTION('',(0.,0.,1.));
#1179 = FACE_BOUND('',#1180,.T.);
#1180 = EDGE_LOOP('',(#1181,#1191,#1200));
#1181 = ORIENTED_EDGE('',*,*,#1182,.F.);
#1182 = EDGE_CURVE('',#1183,#1185,#1187,.T.);
#1183 = VERTEX_POINT('',#1184);
#1184 = CARTESIAN_POINT('',(-11.,26.20710678119,2.707106781183));
#1185 = VERTEX_POINT('',#1186);
#1186 = CARTESIAN_POINT('',(-11.,25.5,3.414213562374));
#1187 = LINE('',#1188,#1189);
#1188 = CARTESIAN_POINT('',(-11.,26.20710678119,2.707106781184));
#1189 = VECTOR('',#1190,1.);
#1190 = DIRECTION('',(0.,-0.707106781187,0.707106781186));
#1191 = ORIENTED_EDGE('',*,*,#1192,.T.);
#1192 = EDGE_CURVE('',#1183,#1193,#1195,.T.);
#1193 = VERTEX_POINT('',#1194);
#1194 = CARTESIAN_POINT('',(-11.,24.792893218808,2.707106781182));
#1195 = CIRCLE('',#1196,1.);
#1196 = AXIS2_PLACEMENT_3D('',#1197,#1198,#1199);
#1197 = CARTESIAN_POINT('',(-11.,25.5,2.));
#1198 = DIRECTION('',(-1.,0.,0.));
#1199 = DIRECTION('',(0.,-1.,0.));
#1200 = ORIENTED_EDGE('',*,*,#1201,.F.);
#1201 = EDGE_CURVE('',#1185,#1193,#1202,.T.);
#1202 = LINE('',#1203,#1204);
#1203 = CARTESIAN_POINT('',(-11.,25.5,3.414213562374));
#1204 = VECTOR('',#1205,1.);
#1205 = DIRECTION('',(0.,-0.707106781187,-0.707106781186));
#1206 = PLANE('',#1207);
#1207 = AXIS2_PLACEMENT_3D('',#1208,#1209,#1210);
#1208 = CARTESIAN_POINT('',(-11.,24.667464049944,2.22471058355));
#1209 = DIRECTION('',(1.,0.,0.));
#1210 = DIRECTION('',(0.,0.,1.));
#1211 = ADVANCED_FACE('',(#1212),#1239,.T.);
#1212 = FACE_BOUND('',#1213,.F.);
#1213 = EDGE_LOOP('',(#1214,#1223,#1224,#1233));
#1214 = ORIENTED_EDGE('',*,*,#1215,.F.);
#1215 = EDGE_CURVE('',#88,#1216,#1218,.T.);
#1216 = VERTEX_POINT('',#1217);
#1217 = CARTESIAN_POINT('',(13.180196097281,-27.5,1.));
#1218 = CIRCLE('',#1219,1.);
#1219 = AXIS2_PLACEMENT_3D('',#1220,#1221,#1222);
#1220 = CARTESIAN_POINT('',(13.180196097281,-26.5,1.));
#1221 = DIRECTION('',(-1.,-6.661338147751E-16,0.));
#1222 = DIRECTION('',(6.661338147751E-16,-1.,0.));
#1223 = ORIENTED_EDGE('',*,*,#95,.T.);
#1224 = ORIENTED_EDGE('',*,*,#1225,.F.);
#1225 = EDGE_CURVE('',#1226,#96,#1228,.T.);
#1226 = VERTEX_POINT('',#1227);
#1227 = CARTESIAN_POINT('',(11.,-27.5,1.));
#1228 = CIRCLE('',#1229,1.);
#1229 = AXIS2_PLACEMENT_3D('',#1230,#1231,#1232);
#1230 = CARTESIAN_POINT('',(11.,-26.5,1.));
#1231 = DIRECTION('',(1.,0.,0.));
#1232 = DIRECTION('',(-0.,-0.,-1.));
#1233 = ORIENTED_EDGE('',*,*,#1234,.F.);
#1234 = EDGE_CURVE('',#1216,#1226,#1235,.T.);
#1235 = LINE('',#1236,#1237);
#1236 = CARTESIAN_POINT('',(14.,-27.5,1.));
#1237 = VECTOR('',#1238,1.);
#1238 = DIRECTION('',(-1.,-0.,-0.));
#1239 = CYLINDRICAL_SURFACE('',#1240,1.);
#1240 = AXIS2_PLACEMENT_3D('',#1241,#1242,#1243);
#1241 = CARTESIAN_POINT('',(14.,-26.5,1.));
#1242 = DIRECTION('',(-1.,-0.,-0.));
#1243 = DIRECTION('',(-0.,-1.,-0.));
#1244 = ADVANCED_FACE('',(#1245),#1264,.T.);
#1245 = FACE_BOUND('',#1246,.F.);
#1246 = EDGE_LOOP('',(#1247,#1256,#1257,#1258));
#1247 = ORIENTED_EDGE('',*,*,#1248,.F.);
#1248 = EDGE_CURVE('',#230,#1249,#1251,.T.);
#1249 = VERTEX_POINT('',#1250);
#1250 = CARTESIAN_POINT('',(-13.18019609728,27.5,1.));
#1251 = CIRCLE('',#1252,1.);
#1252 = AXIS2_PLACEMENT_3D('',#1253,#1254,#1255);
#1253 = CARTESIAN_POINT('',(-13.18019609728,26.5,1.));
#1254 = DIRECTION('',(1.,6.661338147751E-16,-0.));
#1255 = DIRECTION('',(-6.661338147751E-16,1.,0.));
#1256 = ORIENTED_EDGE('',*,*,#237,.T.);
#1257 = ORIENTED_EDGE('',*,*,#1139,.F.);
#1258 = ORIENTED_EDGE('',*,*,#1259,.F.);
#1259 = EDGE_CURVE('',#1249,#1140,#1260,.T.);
#1260 = LINE('',#1261,#1262);
#1261 = CARTESIAN_POINT('',(-14.,27.5,1.));
#1262 = VECTOR('',#1263,1.);
#1263 = DIRECTION('',(1.,0.,0.));
#1264 = CYLINDRICAL_SURFACE('',#1265,1.);
#1265 = AXIS2_PLACEMENT_3D('',#1266,#1267,#1268);
#1266 = CARTESIAN_POINT('',(-14.,26.5,1.));
#1267 = DIRECTION('',(1.,0.,0.));
#1268 = DIRECTION('',(0.,1.,0.));
#1269 = ADVANCED_FACE('',(#1270,#1307),#1334,.T.);
#1270 = FACE_BOUND('',#1271,.T.);
#1271 = EDGE_LOOP('',(#1272,#1273,#1281,#1290,#1298,#1305,#1306));
#1272 = ORIENTED_EDGE('',*,*,#1225,.F.);
#1273 = ORIENTED_EDGE('',*,*,#1274,.T.);
#1274 = EDGE_CURVE('',#1226,#1275,#1277,.T.);
#1275 = VERTEX_POINT('',#1276);
#1276 = CARTESIAN_POINT('',(11.,-27.5,3.));
#1277 = LINE('',#1278,#1279);
#1278 = CARTESIAN_POINT('',(11.,-27.5,0.));
#1279 = VECTOR('',#1280,1.);
#1280 = DIRECTION('',(0.,0.,1.));
#1281 = ORIENTED_EDGE('',*,*,#1282,.F.);
#1282 = EDGE_CURVE('',#1283,#1275,#1285,.T.);
#1283 = VERTEX_POINT('',#1284);
#1284 = CARTESIAN_POINT('',(11.,-26.5,4.));
#1285 = CIRCLE('',#1286,1.);
#1286 = AXIS2_PLACEMENT_3D('',#1287,#1288,#1289);
#1287 = CARTESIAN_POINT('',(11.,-26.5,3.));
#1288 = DIRECTION('',(1.,0.,0.));
#1289 = DIRECTION('',(-0.,-0.,-1.));
#1290 = ORIENTED_EDGE('',*,*,#1291,.T.);
#1291 = EDGE_CURVE('',#1283,#1292,#1294,.T.);
#1292 = VERTEX_POINT('',#1293);
#1293 = CARTESIAN_POINT('',(11.,-23.5,4.));
#1294 = LINE('',#1295,#1296);
#1295 = CARTESIAN_POINT('',(11.,-27.5,4.));
#1296 = VECTOR('',#1297,1.);
#1297 = DIRECTION('',(0.,1.,0.));
#1298 = ORIENTED_EDGE('',*,*,#1299,.F.);
#1299 = EDGE_CURVE('',#803,#1292,#1300,.T.);
#1300 = CIRCLE('',#1301,1.);
#1301 = AXIS2_PLACEMENT_3D('',#1302,#1303,#1304);
#1302 = CARTESIAN_POINT('',(11.,-23.5,5.));
#1303 = DIRECTION('',(-1.,0.,0.));
#1304 = DIRECTION('',(0.,0.,1.));
#1305 = ORIENTED_EDGE('',*,*,#810,.F.);
#1306 = ORIENTED_EDGE('',*,*,#103,.F.);
#1307 = FACE_BOUND('',#1308,.T.);
#1308 = EDGE_LOOP('',(#1309,#1319,#1328));
#1309 = ORIENTED_EDGE('',*,*,#1310,.F.);
#1310 = EDGE_CURVE('',#1311,#1313,#1315,.T.);
#1311 = VERTEX_POINT('',#1312);
#1312 = CARTESIAN_POINT('',(11.,-26.20710678119,2.707106781183));
#1313 = VERTEX_POINT('',#1314);
#1314 = CARTESIAN_POINT('',(11.,-25.5,3.414213562374));
#1315 = LINE('',#1316,#1317);
#1316 = CARTESIAN_POINT('',(11.,-26.20710678119,2.707106781184));
#1317 = VECTOR('',#1318,1.);
#1318 = DIRECTION('',(0.,0.707106781187,0.707106781186));
#1319 = ORIENTED_EDGE('',*,*,#1320,.T.);
#1320 = EDGE_CURVE('',#1311,#1321,#1323,.T.);
#1321 = VERTEX_POINT('',#1322);
#1322 = CARTESIAN_POINT('',(11.,-24.7928932188,2.707106781182));
#1323 = CIRCLE('',#1324,1.);
#1324 = AXIS2_PLACEMENT_3D('',#1325,#1326,#1327);
#1325 = CARTESIAN_POINT('',(11.,-25.5,2.));
#1326 = DIRECTION('',(1.,-0.,0.));
#1327 = DIRECTION('',(0.,1.,-0.));
#1328 = ORIENTED_EDGE('',*,*,#1329,.F.);
#1329 = EDGE_CURVE('',#1313,#1321,#1330,.T.);
#1330 = LINE('',#1331,#1332);
#1331 = CARTESIAN_POINT('',(11.,-25.5,3.414213562374));
#1332 = VECTOR('',#1333,1.);
#1333 = DIRECTION('',(0.,0.707106781187,-0.707106781186));
#1334 = PLANE('',#1335);
#1335 = AXIS2_PLACEMENT_3D('',#1336,#1337,#1338);
#1336 = CARTESIAN_POINT('',(11.,-24.66746404994,2.22471058355));
#1337 = DIRECTION('',(-1.,-0.,-0.));
#1338 = DIRECTION('',(0.,0.,-1.));
#1339 = ADVANCED_FACE('',(#1340),#1379,.T.);
#1340 = FACE_BOUND('',#1341,.F.);
#1341 = EDGE_LOOP('',(#1342,#1352,#1363,#1364,#1373));
#1342 = ORIENTED_EDGE('',*,*,#1343,.F.);
#1343 = EDGE_CURVE('',#1344,#1346,#1348,.T.);
#1344 = VERTEX_POINT('',#1345);
#1345 = CARTESIAN_POINT('',(-14.83922322702,23.303883864862,1.));
#1346 = VERTEX_POINT('',#1347);
#1347 = CARTESIAN_POINT('',(-14.4,25.5,1.));
#1348 = LINE('',#1349,#1350);
#1349 = CARTESIAN_POINT('',(-15.,22.5,1.));
#1350 = VECTOR('',#1351,1.);
#1351 = DIRECTION('',(0.196116135138,0.980580675691,0.));
#1352 = ORIENTED_EDGE('',*,*,#1353,.F.);
#1353 = EDGE_CURVE('',#208,#1344,#1354,.T.);
#1354 = B_SPLINE_CURVE_WITH_KNOTS('',7,(#1355,#1356,#1357,#1358,#1359,
    #1360,#1361,#1362),.UNSPECIFIED.,.F.,.F.,(8,8),(0.,1.),
  .PIECEWISE_BEZIER_KNOTS.);
#1355 = CARTESIAN_POINT('',(-13.85864255133,23.107767729724,
    5.551115123126E-17));
#1356 = CARTESIAN_POINT('',(-14.0786843404,23.151776087538,
    5.551115123126E-17));
#1357 = CARTESIAN_POINT('',(-14.29872506503,23.195784232462,
    5.874888655163E-02));
#1358 = CARTESIAN_POINT('',(-14.50067474897,23.236174169252,
    0.176237277798));
#1359 = CARTESIAN_POINT('',(-14.66640835808,23.269320891073,
    0.345253059177));
#1360 = CARTESIAN_POINT('',(-14.78161520415,23.292362260288,
    0.551202135017));
#1361 = CARTESIAN_POINT('',(-14.83922322702,23.303883864862,
    0.775600524744));
#1362 = CARTESIAN_POINT('',(-14.83922322702,23.303883864862,1.));
#1363 = ORIENTED_EDGE('',*,*,#229,.T.);
#1364 = ORIENTED_EDGE('',*,*,#1365,.T.);
#1365 = EDGE_CURVE('',#230,#1366,#1368,.T.);
#1366 = VERTEX_POINT('',#1367);
#1367 = CARTESIAN_POINT('',(-14.16077677297,26.696116135138,1.));
#1368 = CIRCLE('',#1369,1.);
#1369 = AXIS2_PLACEMENT_3D('',#1370,#1371,#1372);
#1370 = CARTESIAN_POINT('',(-13.18019609728,26.5,1.));
#1371 = DIRECTION('',(0.196116135138,0.980580675691,-0.));
#1372 = DIRECTION('',(-0.980580675691,0.196116135138,0.));
#1373 = ORIENTED_EDGE('',*,*,#1374,.F.);
#1374 = EDGE_CURVE('',#1346,#1366,#1375,.T.);
#1375 = LINE('',#1376,#1377);
#1376 = CARTESIAN_POINT('',(-15.,22.5,1.));
#1377 = VECTOR('',#1378,1.);
#1378 = DIRECTION('',(0.196116135138,0.980580675691,0.));
#1379 = CYLINDRICAL_SURFACE('',#1380,1.);
#1380 = AXIS2_PLACEMENT_3D('',#1381,#1382,#1383);
#1381 = CARTESIAN_POINT('',(-14.0194193243,22.303883864862,1.));
#1382 = DIRECTION('',(0.196116135138,0.980580675691,0.));
#1383 = DIRECTION('',(-0.980580675691,0.196116135138,0.));
#1384 = ADVANCED_FACE('',(#1385),#1409,.F.);
#1385 = FACE_BOUND('',#1386,.F.);
#1386 = EDGE_LOOP('',(#1387,#1388,#1408));
#1387 = ORIENTED_EDGE('',*,*,#1353,.T.);
#1388 = ORIENTED_EDGE('',*,*,#1389,.T.);
#1389 = EDGE_CURVE('',#1344,#200,#1390,.T.);
#1390 = B_SPLINE_CURVE_WITH_KNOTS('',6,(#1391,#1392,#1393,#1394,#1395,
    #1396,#1397,#1398,#1399,#1400,#1401,#1402,#1403,#1404,#1405,#1406,
    #1407),.UNSPECIFIED.,.F.,.F.,(7,5,5,7),(0.,0.25,0.5,1.),
  .UNSPECIFIED.);
#1391 = CARTESIAN_POINT('',(-14.83922322702,23.303883864862,1.));
#1392 = CARTESIAN_POINT('',(-14.85044597912,23.24777010436,
    0.958333333333));
#1393 = CARTESIAN_POINT('',(-14.86552206506,23.192427011346,
    0.916666666667));
#1394 = CARTESIAN_POINT('',(-14.88438533436,23.138185341931,0.875));
#1395 = CARTESIAN_POINT('',(-14.90693177364,23.085368302012,
    0.833333333333));
#1396 = CARTESIAN_POINT('',(-14.9330208339,23.034284965725,
    0.791666666667));
#1397 = CARTESIAN_POINT('',(-14.9919369212,22.936164061802,
    0.708333333333));
#1398 = CARTESIAN_POINT('',(-15.02476478654,22.889125471313,
    0.666666666667));
#1399 = CARTESIAN_POINT('',(-15.06078636704,22.844401036447,0.625));
#1400 = CARTESIAN_POINT('',(-15.09979640035,22.802257868127,
    0.583333333333));
#1401 = CARTESIAN_POINT('',(-15.14156046836,22.762937894045,
    0.541666666667));
#1402 = CARTESIAN_POINT('',(-15.27432405461,22.654097787896,
    0.416666666667));
#1403 = CARTESIAN_POINT('',(-15.37279843306,22.593693591493,
    0.333333333333));
#1404 = CARTESIAN_POINT('',(-15.47915185904,22.547155842561,0.25));
#1405 = CARTESIAN_POINT('',(-15.59090386173,22.515718552834,
    0.166666666667));
#1406 = CARTESIAN_POINT('',(-15.7053538388,22.5,8.333333333334E-02));
#1407 = CARTESIAN_POINT('',(-15.81980390271,22.5,0.));
#1408 = ORIENTED_EDGE('',*,*,#207,.F.);
#1409 = B_SPLINE_SURFACE_WITH_KNOTS('',7,6,(
    (#1410,#1411,#1412,#1413,#1414,#1415,#1416,#1417,#1418,#1419,#1420
      ,#1421,#1422,#1423,#1424,#1425,#1426)
    ,(#1427,#1428,#1429,#1430,#1431,#1432,#1433,#1434,#1435,#1436,#1437
      ,#1438,#1439,#1440,#1441,#1442,#1443)
    ,(#1444,#1445,#1446,#1447,#1448,#1449,#1450,#1451,#1452,#1453,#1454
      ,#1455,#1456,#1457,#1458,#1459,#1460)
    ,(#1461,#1462,#1463,#1464,#1465,#1466,#1467,#1468,#1469,#1470,#1471
      ,#1472,#1473,#1474,#1475,#1476,#1477)
    ,(#1478,#1479,#1480,#1481,#1482,#1483,#1484,#1485,#1486,#1487,#1488
      ,#1489,#1490,#1491,#1492,#1493,#1494)
    ,(#1495,#1496,#1497,#1498,#1499,#1500,#1501,#1502,#1503,#1504,#1505
      ,#1506,#1507,#1508,#1509,#1510,#1511)
    ,(#1512,#1513,#1514,#1515,#1516,#1517,#1518,#1519,#1520,#1521,#1522
      ,#1523,#1524,#1525,#1526,#1527,#1528)
    ,(#1529,#1530,#1531,#1532,#1533,#1534,#1535,#1536,#1537,#1538,#1539
      ,#1540,#1541,#1542,#1543,#1544,#1545
    )),.UNSPECIFIED.,.F.,.F.,.F.,(8,8),(7,5,5,7),(0.,1.),(0.,0.25,0.5,1.
    ),.UNSPECIFIED.);
#1410 = CARTESIAN_POINT('',(-13.85864255133,23.107767729724,
    5.551115123126E-17));
#1411 = CARTESIAN_POINT('',(-13.87642990466,23.018830963071,
    5.319818659662E-17));
#1412 = CARTESIAN_POINT('',(-13.9164608979,22.9343570139,
    4.672188561964E-17));
#1413 = CARTESIAN_POINT('',(-13.98278953662,22.863921810628,
    4.297777411733E-17));
#1414 = CARTESIAN_POINT('',(-14.05446594144,22.809885962616,
    3.960951936814E-17));
#1415 = CARTESIAN_POINT('',(-14.13344754695,22.763559206026,
    3.657375328518E-17));
#1416 = CARTESIAN_POINT('',(-14.29753616256,22.686780548882,
    3.108046227792E-17));
#1417 = CARTESIAN_POINT('',(-14.38291512736,22.655772716853,
    2.862293735362E-17));
#1418 = CARTESIAN_POINT('',(-14.47016790023,22.630224685639,
    2.641116492175E-17));
#1419 = CARTESIAN_POINT('',(-14.55835128245,22.608739422325,
    2.440177689541E-17));
#1420 = CARTESIAN_POINT('',(-14.64703972557,22.590444556807,
    2.25514051877E-17));
#1421 = CARTESIAN_POINT('',(-14.91489654293,22.544088031763,
    1.734723475977E-17));
#1422 = CARTESIAN_POINT('',(-15.09559108501,22.524236095056,
    1.434038073474E-17));
#1423 = CARTESIAN_POINT('',(-15.27577057173,22.511152754786,
    1.144917494145E-17));
#1424 = CARTESIAN_POINT('',(-15.45776078968,22.503474199513,
    8.326672684689E-18));
#1425 = CARTESIAN_POINT('',(-15.63839810965,22.5,-5.751546222135E-34));
#1426 = CARTESIAN_POINT('',(-15.81980390271,22.5,0.));
#1427 = CARTESIAN_POINT('',(-14.0786843404,23.151776087538,
    5.551115123126E-17));
#1428 = CARTESIAN_POINT('',(-14.09220227542,23.066861998136,
    2.054478607217E-17));
#1429 = CARTESIAN_POINT('',(-14.12533666376,22.985883276216,
    -7.544080441697E-17));
#1430 = CARTESIAN_POINT('',(-14.18155291728,22.917095111295,
    -1.211783406194E-16));
#1431 = CARTESIAN_POINT('',(-14.24287913745,22.862567055097,
    -1.555114438848E-16));
#1432 = CARTESIAN_POINT('',(-14.31097304693,22.814894463493,
    -1.797560103213E-16));
#1433 = CARTESIAN_POINT('',(-14.45337377935,22.733734266695,
    -2.106998617529E-16));
#1434 = CARTESIAN_POINT('',(-14.52791382609,22.699770002686,
    -2.173991467479E-16));
#1435 = CARTESIAN_POINT('',(-14.60451623904,22.670816161608,
    -2.166416871303E-16));
#1436 = CARTESIAN_POINT('',(-14.68234323899,22.645713445379,
    -2.097433790081E-16));
#1437 = CARTESIAN_POINT('',(-14.76099658181,22.623748669295,
    -1.980201184895E-16));
#1438 = CARTESIAN_POINT('',(-14.99955951173,22.566466947494,
    -1.523231680689E-16));
#1439 = CARTESIAN_POINT('',(-15.16184507987,22.539489183574,
    -1.078223093019E-16));
#1440 = CARTESIAN_POINT('',(-15.32481475019,22.52029399481,
    -5.981239424658E-17));
#1441 = CARTESIAN_POINT('',(-15.49010770111,22.507888687358,
    -1.882059176789E-17));
#1442 = CARTESIAN_POINT('',(-15.6546264501,22.501332647257,
    -7.0429521214E-17));
#1443 = CARTESIAN_POINT('',(-15.81980390271,22.5,2.986732578805E-32));
#1444 = CARTESIAN_POINT('',(-14.29872506503,23.195784232462,
    5.874888655163E-02));
#1445 = CARTESIAN_POINT('',(-14.30948916827,23.115195937621,
    5.696782360283E-02));
#1446 = CARTESIAN_POINT('',(-14.34497290296,23.04081902926,
    6.646581724498E-02));
#1447 = CARTESIAN_POINT('',(-14.39050324304,22.974563494788,
    6.835355271052E-02));
#1448 = CARTESIAN_POINT('',(-14.44038771155,22.918914821611,
    6.910264424472E-02));
#1449 = CARTESIAN_POINT('',(-14.49568847321,22.868988710714,
    6.884447383968E-02));
#1450 = CARTESIAN_POINT('',(-14.61244518387,22.780938488897,
    6.657637313524E-02));
#1451 = CARTESIAN_POINT('',(-14.6740517265,22.742495283572,
    6.456644283584E-02));
#1452 = CARTESIAN_POINT('',(-14.73805779365,22.708591510414,
    6.181201458134E-02));
#1453 = CARTESIAN_POINT('',(-14.8038921657,22.67847582885,
    5.844447036382E-02));
#1454 = CARTESIAN_POINT('',(-14.87124106619,22.651688031153,
    5.459519217536E-02));
#1455 = CARTESIAN_POINT('',(-15.07766235319,22.580801065009,
    4.199630167335E-02));
#1456 = CARTESIAN_POINT('',(-15.22097388512,22.545992533412,
    3.21956334232E-02));
#1457 = CARTESIAN_POINT('',(-15.36769599577,22.521408322727,
    2.204461319418E-02));
#1458 = CARTESIAN_POINT('',(-15.51800631763,22.506281264408,
    1.25942969229E-02));
#1459 = CARTESIAN_POINT('',(-15.67986893035,22.501776863009,
    1.75762050524E-02));
#1460 = CARTESIAN_POINT('',(-15.81980390271,22.5,2.643388153869E-18));
#1461 = CARTESIAN_POINT('',(-14.50067474897,23.236174169252,
    0.176237277798));
#1462 = CARTESIAN_POINT('',(-14.50951249376,23.160077163632,
    0.170905137391));
#1463 = CARTESIAN_POINT('',(-14.53381144925,23.088151603144,
    0.170631873877));
#1464 = CARTESIAN_POINT('',(-14.56963227083,23.023719810555,
    0.166410260057));
#1465 = CARTESIAN_POINT('',(-14.60969687737,22.96840506453,
    0.161368830497));
#1466 = CARTESIAN_POINT('',(-14.65490944829,22.917940230367,
    0.155602179321));
#1467 = CARTESIAN_POINT('',(-14.75177911086,22.827209821926,
    0.142807621983));
#1468 = CARTESIAN_POINT('',(-14.80356406814,22.786655489033,
    0.135779715821));
#1469 = CARTESIAN_POINT('',(-14.85801460478,22.750072753527,
    0.12821577629));
#1470 = CARTESIAN_POINT('',(-14.91463616502,22.716885020211,
    0.120210397514));
#1471 = CARTESIAN_POINT('',(-14.97312418391,22.686778372632,
    0.111858173618));
#1472 = CARTESIAN_POINT('',(-15.15384389425,22.60554797397,
    8.604474893684E-02));
#1473 = CARTESIAN_POINT('',(-15.28123171237,22.563342847544,
    6.782679516112E-02));
#1474 = CARTESIAN_POINT('',(-15.41308523252,22.531882487924,
    4.935659038831E-02));
#1475 = CARTESIAN_POINT('',(-15.54883567975,22.511218127467,
    3.139088760968E-02));
#1476 = CARTESIAN_POINT('',(-15.68825421093,22.501599176708,
    2.075432069719E-02));
#1477 = CARTESIAN_POINT('',(-15.81980390271,22.5,6.344131569287E-18));
#1478 = CARTESIAN_POINT('',(-14.66640835808,23.269320891073,
    0.345253059177));
#1479 = CARTESIAN_POINT('',(-14.67302621786,23.197656469366,
    0.333928211645));
#1480 = CARTESIAN_POINT('',(-14.68491813543,23.127686325796,
    0.318758435438));
#1481 = CARTESIAN_POINT('',(-14.71183451496,23.065039230827,
    0.305155425986));
#1482 = CARTESIAN_POINT('',(-14.74320294039,23.010365167206,
    0.291346902376));
#1483 = CARTESIAN_POINT('',(-14.77980396775,22.959762258,0.277356577779)
  );
#1484 = CARTESIAN_POINT('',(-14.86009968775,22.867357735567,
    0.249059752958));
#1485 = CARTESIAN_POINT('',(-14.90390829784,22.825282041164,
    0.234753252732));
#1486 = CARTESIAN_POINT('',(-14.95075939687,22.786642546895,
    0.220312377865));
#1487 = CARTESIAN_POINT('',(-15.00017805758,22.750998396943,
    0.205760841528));
#1488 = CARTESIAN_POINT('',(-15.05183268655,22.718158246349,
    0.191122356892));
#1489 = CARTESIAN_POINT('',(-15.21293969965,22.628224290351,
    0.147017197609));
#1490 = CARTESIAN_POINT('',(-15.32846097996,22.579552389894,
    0.117360817585));
#1491 = CARTESIAN_POINT('',(-15.4492637746,22.541873379293,
    8.764120243427E-02));
#1492 = CARTESIAN_POINT('',(-15.5739894303,22.516046318574,
    5.804805753522E-02));
#1493 = CARTESIAN_POINT('',(-15.69217136904,22.501066117805,
    2.517910009341E-02));
#1494 = CARTESIAN_POINT('',(-15.81980390271,22.5,9.51619735393E-18));
#1495 = CARTESIAN_POINT('',(-14.78161520415,23.292362260288,
    0.551202135017));
#1496 = CARTESIAN_POINT('',(-14.78727818389,23.225383423486,
    0.530008301284));
#1497 = CARTESIAN_POINT('',(-14.79081960171,23.158147387121,
    0.498251204092));
#1498 = CARTESIAN_POINT('',(-14.8113280395,23.097636194968,
    0.472872210453));
#1499 = CARTESIAN_POINT('',(-14.83644326641,23.043772384405,
    0.448126733868));
#1500 = CARTESIAN_POINT('',(-14.86678573561,22.99323105128,
    0.423941676216));
#1501 = CARTESIAN_POINT('',(-14.93506310482,22.899564665974,
    0.376546202533));
#1502 = CARTESIAN_POINT('',(-14.97309436261,22.856196849316,
    0.353335786502));
#1503 = CARTESIAN_POINT('',(-15.01446421471,22.815785786107,
    0.33053959316));
#1504 = CARTESIAN_POINT('',(-15.05872042545,22.778041792223,
    0.308084524385));
#1505 = CARTESIAN_POINT('',(-15.10551250227,22.742894121961,
    0.285897482057));
#1506 = CARTESIAN_POINT('',(-15.25275008293,22.645684660191,
    0.219921140044));
#1507 = CARTESIAN_POINT('',(-15.36000393914,22.591708911072,
    0.176716625332));
#1508 = CARTESIAN_POINT('',(-15.4732616092,22.549075604961,
    0.133707038945));
#1509 = CARTESIAN_POINT('',(-15.590520349,22.519250225954,
    9.030759590863E-02));
#1510 = CARTESIAN_POINT('',(-15.6944443777,22.500444215752,
    3.459053449532E-02));
#1511 = CARTESIAN_POINT('',(-15.81980390271,22.5,1.057355261548E-17));
#1512 = CARTESIAN_POINT('',(-14.83922322702,23.303883864862,
    0.775600524744));
#1513 = CARTESIAN_POINT('',(-14.84679957536,23.242164262693,
    0.743283836213));
#1514 = CARTESIAN_POINT('',(-14.85961721209,23.182347221283,
    0.710967147682));
#1515 = CARTESIAN_POINT('',(-14.87726797507,23.125237998466,
    0.678650459151));
#1516 = CARTESIAN_POINT('',(-14.89885717275,23.071362701841,
    0.64633377062));
#1517 = CARTESIAN_POINT('',(-14.92445654479,23.01984660522,
    0.614017082089));
#1518 = CARTESIAN_POINT('',(-14.98292779701,22.922146944428,
    0.549383705027));
#1519 = CARTESIAN_POINT('',(-15.01582374144,22.875880142012,
    0.517067016496));
#1520 = CARTESIAN_POINT('',(-15.05216608865,22.832217988292,
    0.484750327965));
#1521 = CARTESIAN_POINT('',(-15.0917122976,22.791241825203,
    0.452433639434));
#1522 = CARTESIAN_POINT('',(-15.13419120174,22.753092715894,
    0.420116950903));
#1523 = CARTESIAN_POINT('',(-15.2695266235,22.647728902397,0.32316688531
    ));
#1524 = CARTESIAN_POINT('',(-15.37029097127,22.589542267608,
    0.258533508248));
#1525 = CARTESIAN_POINT('',(-15.4789837497,22.544770793662,
    0.193900131186));
#1526 = CARTESIAN_POINT('',(-15.59275393842,22.514763263595,
    0.129266754124));
#1527 = CARTESIAN_POINT('',(-15.70746231411,22.5,6.463337706197E-02));
#1528 = CARTESIAN_POINT('',(-15.81980390271,22.5,7.930164461608E-18));
#1529 = CARTESIAN_POINT('',(-14.83922322702,23.303883864862,1.));
#1530 = CARTESIAN_POINT('',(-14.85044597912,23.24777010436,
    0.958333333333));
#1531 = CARTESIAN_POINT('',(-14.86552206506,23.192427011346,
    0.916666666667));
#1532 = CARTESIAN_POINT('',(-14.88438533436,23.138185341931,0.875));
#1533 = CARTESIAN_POINT('',(-14.90693177364,23.085368302012,
    0.833333333333));
#1534 = CARTESIAN_POINT('',(-14.9330208339,23.034284965725,
    0.791666666667));
#1535 = CARTESIAN_POINT('',(-14.9919369212,22.936164061802,
    0.708333333333));
#1536 = CARTESIAN_POINT('',(-15.02476478654,22.889125471313,
    0.666666666667));
#1537 = CARTESIAN_POINT('',(-15.06078636704,22.844401036447,0.625));
#1538 = CARTESIAN_POINT('',(-15.09979640035,22.802257868127,
    0.583333333333));
#1539 = CARTESIAN_POINT('',(-15.14156046836,22.762937894045,
    0.541666666667));
#1540 = CARTESIAN_POINT('',(-15.27432405461,22.654097787896,
    0.416666666667));
#1541 = CARTESIAN_POINT('',(-15.37279843306,22.593693591493,
    0.333333333333));
#1542 = CARTESIAN_POINT('',(-15.47915185904,22.547155842561,0.25));
#1543 = CARTESIAN_POINT('',(-15.59090386173,22.515718552834,
    0.166666666667));
#1544 = CARTESIAN_POINT('',(-15.7053538388,22.5,8.333333333334E-02));
#1545 = CARTESIAN_POINT('',(-15.81980390271,22.5,0.));
#1546 = ADVANCED_FACE('',(#1547,#1592),#1619,.T.);
#1547 = FACE_BOUND('',#1548,.T.);
#1548 = EDGE_LOOP('',(#1549,#1550,#1559,#1567,#1576,#1584,#1591));
#1549 = ORIENTED_EDGE('',*,*,#817,.T.);
#1550 = ORIENTED_EDGE('',*,*,#1551,.T.);
#1551 = EDGE_CURVE('',#818,#1552,#1554,.T.);
#1552 = VERTEX_POINT('',#1553);
#1553 = CARTESIAN_POINT('',(-11.,-23.5,4.));
#1554 = CIRCLE('',#1555,1.);
#1555 = AXIS2_PLACEMENT_3D('',#1556,#1557,#1558);
#1556 = CARTESIAN_POINT('',(-11.,-23.5,5.));
#1557 = DIRECTION('',(-1.,0.,0.));
#1558 = DIRECTION('',(0.,0.,1.));
#1559 = ORIENTED_EDGE('',*,*,#1560,.F.);
#1560 = EDGE_CURVE('',#1561,#1552,#1563,.T.);
#1561 = VERTEX_POINT('',#1562);
#1562 = CARTESIAN_POINT('',(-11.,-26.5,4.));
#1563 = LINE('',#1564,#1565);
#1564 = CARTESIAN_POINT('',(-11.,-27.5,4.));
#1565 = VECTOR('',#1566,1.);
#1566 = DIRECTION('',(0.,1.,0.));
#1567 = ORIENTED_EDGE('',*,*,#1568,.T.);
#1568 = EDGE_CURVE('',#1561,#1569,#1571,.T.);
#1569 = VERTEX_POINT('',#1570);
#1570 = CARTESIAN_POINT('',(-11.,-27.5,3.));
#1571 = CIRCLE('',#1572,1.);
#1572 = AXIS2_PLACEMENT_3D('',#1573,#1574,#1575);
#1573 = CARTESIAN_POINT('',(-11.,-26.5,3.));
#1574 = DIRECTION('',(1.,0.,0.));
#1575 = DIRECTION('',(0.,0.,-1.));
#1576 = ORIENTED_EDGE('',*,*,#1577,.F.);
#1577 = EDGE_CURVE('',#1578,#1569,#1580,.T.);
#1578 = VERTEX_POINT('',#1579);
#1579 = CARTESIAN_POINT('',(-11.,-27.5,1.));
#1580 = LINE('',#1581,#1582);
#1581 = CARTESIAN_POINT('',(-11.,-27.5,0.));
#1582 = VECTOR('',#1583,1.);
#1583 = DIRECTION('',(0.,0.,1.));
#1584 = ORIENTED_EDGE('',*,*,#1585,.T.);
#1585 = EDGE_CURVE('',#1578,#120,#1586,.T.);
#1586 = CIRCLE('',#1587,1.);
#1587 = AXIS2_PLACEMENT_3D('',#1588,#1589,#1590);
#1588 = CARTESIAN_POINT('',(-11.,-26.5,1.));
#1589 = DIRECTION('',(1.,0.,0.));
#1590 = DIRECTION('',(0.,0.,-1.));
#1591 = ORIENTED_EDGE('',*,*,#119,.T.);
#1592 = FACE_BOUND('',#1593,.T.);
#1593 = EDGE_LOOP('',(#1594,#1604,#1612));
#1594 = ORIENTED_EDGE('',*,*,#1595,.T.);
#1595 = EDGE_CURVE('',#1596,#1598,#1600,.T.);
#1596 = VERTEX_POINT('',#1597);
#1597 = CARTESIAN_POINT('',(-11.,-26.20710678119,2.707106781183));
#1598 = VERTEX_POINT('',#1599);
#1599 = CARTESIAN_POINT('',(-11.,-25.5,3.414213562374));
#1600 = LINE('',#1601,#1602);
#1601 = CARTESIAN_POINT('',(-11.,-26.20710678119,2.707106781184));
#1602 = VECTOR('',#1603,1.);
#1603 = DIRECTION('',(0.,0.707106781187,0.707106781186));
#1604 = ORIENTED_EDGE('',*,*,#1605,.T.);
#1605 = EDGE_CURVE('',#1598,#1606,#1608,.T.);
#1606 = VERTEX_POINT('',#1607);
#1607 = CARTESIAN_POINT('',(-11.,-24.7928932188,2.707106781182));
#1608 = LINE('',#1609,#1610);
#1609 = CARTESIAN_POINT('',(-11.,-25.5,3.414213562374));
#1610 = VECTOR('',#1611,1.);
#1611 = DIRECTION('',(0.,0.707106781187,-0.707106781186));
#1612 = ORIENTED_EDGE('',*,*,#1613,.F.);
#1613 = EDGE_CURVE('',#1596,#1606,#1614,.T.);
#1614 = CIRCLE('',#1615,1.);
#1615 = AXIS2_PLACEMENT_3D('',#1616,#1617,#1618);
#1616 = CARTESIAN_POINT('',(-11.,-25.5,2.));
#1617 = DIRECTION('',(1.,0.,0.));
#1618 = DIRECTION('',(0.,1.,0.));
#1619 = PLANE('',#1620);
#1620 = AXIS2_PLACEMENT_3D('',#1621,#1622,#1623);
#1621 = CARTESIAN_POINT('',(-11.,-24.66746404994,2.22471058355));
#1622 = DIRECTION('',(1.,0.,0.));
#1623 = DIRECTION('',(0.,0.,1.));
#1624 = ADVANCED_FACE('',(#1625),#1644,.T.);
#1625 = FACE_BOUND('',#1626,.T.);
#1626 = EDGE_LOOP('',(#1627,#1636,#1637,#1638));
#1627 = ORIENTED_EDGE('',*,*,#1628,.F.);
#1628 = EDGE_CURVE('',#128,#1629,#1631,.T.);
#1629 = VERTEX_POINT('',#1630);
#1630 = CARTESIAN_POINT('',(-13.18019609728,-27.5,1.));
#1631 = CIRCLE('',#1632,1.);
#1632 = AXIS2_PLACEMENT_3D('',#1633,#1634,#1635);
#1633 = CARTESIAN_POINT('',(-13.18019609728,-26.5,1.));
#1634 = DIRECTION('',(-1.,6.661338147751E-16,0.));
#1635 = DIRECTION('',(-6.661338147751E-16,-1.,0.));
#1636 = ORIENTED_EDGE('',*,*,#127,.T.);
#1637 = ORIENTED_EDGE('',*,*,#1585,.F.);
#1638 = ORIENTED_EDGE('',*,*,#1639,.F.);
#1639 = EDGE_CURVE('',#1629,#1578,#1640,.T.);
#1640 = LINE('',#1641,#1642);
#1641 = CARTESIAN_POINT('',(-14.,-27.5,1.));
#1642 = VECTOR('',#1643,1.);
#1643 = DIRECTION('',(1.,0.,0.));
#1644 = CYLINDRICAL_SURFACE('',#1645,1.);
#1645 = AXIS2_PLACEMENT_3D('',#1646,#1647,#1648);
#1646 = CARTESIAN_POINT('',(-14.,-26.5,1.));
#1647 = DIRECTION('',(1.,0.,0.));
#1648 = DIRECTION('',(0.,-1.,0.));
#1649 = ADVANCED_FACE('',(#1650),#1669,.T.);
#1650 = FACE_BOUND('',#1651,.T.);
#1651 = EDGE_LOOP('',(#1652,#1653,#1661,#1668));
#1652 = ORIENTED_EDGE('',*,*,#190,.T.);
#1653 = ORIENTED_EDGE('',*,*,#1654,.T.);
#1654 = EDGE_CURVE('',#183,#1655,#1657,.T.);
#1655 = VERTEX_POINT('',#1656);
#1656 = CARTESIAN_POINT('',(-30.5,21.,11.));
#1657 = LINE('',#1658,#1659);
#1658 = CARTESIAN_POINT('',(-30.5,21.,0.));
#1659 = VECTOR('',#1660,1.);
#1660 = DIRECTION('',(0.,0.,1.));
#1661 = ORIENTED_EDGE('',*,*,#1662,.F.);
#1662 = EDGE_CURVE('',#387,#1655,#1663,.T.);
#1663 = CIRCLE('',#1664,1.5);
#1664 = AXIS2_PLACEMENT_3D('',#1665,#1666,#1667);
#1665 = CARTESIAN_POINT('',(-29.,21.,11.));
#1666 = DIRECTION('',(-0.,0.,1.));
#1667 = DIRECTION('',(0.,-1.,0.));
#1668 = ORIENTED_EDGE('',*,*,#386,.F.);
#1669 = CYLINDRICAL_SURFACE('',#1670,1.5);
#1670 = AXIS2_PLACEMENT_3D('',#1671,#1672,#1673);
#1671 = CARTESIAN_POINT('',(-29.,21.,0.));
#1672 = DIRECTION('',(0.,0.,1.));
#1673 = DIRECTION('',(0.,1.,0.));
#1674 = ADVANCED_FACE('',(#1675),#1714,.T.);
#1675 = FACE_BOUND('',#1676,.T.);
#1676 = EDGE_LOOP('',(#1677,#1687,#1698,#1699,#1708));
#1677 = ORIENTED_EDGE('',*,*,#1678,.F.);
#1678 = EDGE_CURVE('',#1679,#1681,#1683,.T.);
#1679 = VERTEX_POINT('',#1680);
#1680 = CARTESIAN_POINT('',(-14.83922322702,-23.30388386486,1.));
#1681 = VERTEX_POINT('',#1682);
#1682 = CARTESIAN_POINT('',(-14.4,-25.5,1.));
#1683 = LINE('',#1684,#1685);
#1684 = CARTESIAN_POINT('',(-15.,-22.5,1.));
#1685 = VECTOR('',#1686,1.);
#1686 = DIRECTION('',(0.196116135138,-0.980580675691,0.));
#1687 = ORIENTED_EDGE('',*,*,#1688,.F.);
#1688 = EDGE_CURVE('',#136,#1679,#1689,.T.);
#1689 = B_SPLINE_CURVE_WITH_KNOTS('',7,(#1690,#1691,#1692,#1693,#1694,
    #1695,#1696,#1697),.UNSPECIFIED.,.F.,.F.,(8,8),(0.,1.),
  .PIECEWISE_BEZIER_KNOTS.);
#1690 = CARTESIAN_POINT('',(-13.85864255133,-23.10776772972,
    5.551115123126E-17));
#1691 = CARTESIAN_POINT('',(-14.0786843404,-23.15177608753,
    5.551115123126E-17));
#1692 = CARTESIAN_POINT('',(-14.29872506503,-23.19578423246,
    5.874888655163E-02));
#1693 = CARTESIAN_POINT('',(-14.50067474897,-23.23617416925,
    0.176237277798));
#1694 = CARTESIAN_POINT('',(-14.66640835808,-23.26932089107,
    0.345253059177));
#1695 = CARTESIAN_POINT('',(-14.78161520415,-23.29236226028,
    0.551202135017));
#1696 = CARTESIAN_POINT('',(-14.83922322702,-23.30388386486,
    0.775600524744));
#1697 = CARTESIAN_POINT('',(-14.83922322702,-23.30388386486,1.));
#1698 = ORIENTED_EDGE('',*,*,#135,.T.);
#1699 = ORIENTED_EDGE('',*,*,#1700,.T.);
#1700 = EDGE_CURVE('',#128,#1701,#1703,.T.);
#1701 = VERTEX_POINT('',#1702);
#1702 = CARTESIAN_POINT('',(-14.16077677297,-26.69611613513,1.));
#1703 = CIRCLE('',#1704,1.);
#1704 = AXIS2_PLACEMENT_3D('',#1705,#1706,#1707);
#1705 = CARTESIAN_POINT('',(-13.18019609728,-26.5,1.));
#1706 = DIRECTION('',(-0.196116135138,0.980580675691,0.));
#1707 = DIRECTION('',(-0.980580675691,-0.196116135138,0.));
#1708 = ORIENTED_EDGE('',*,*,#1709,.F.);
#1709 = EDGE_CURVE('',#1681,#1701,#1710,.T.);
#1710 = LINE('',#1711,#1712);
#1711 = CARTESIAN_POINT('',(-15.,-22.5,1.));
#1712 = VECTOR('',#1713,1.);
#1713 = DIRECTION('',(0.196116135138,-0.980580675691,0.));
#1714 = CYLINDRICAL_SURFACE('',#1715,1.);
#1715 = AXIS2_PLACEMENT_3D('',#1716,#1717,#1718);
#1716 = CARTESIAN_POINT('',(-14.0194193243,-22.30388386486,1.));
#1717 = DIRECTION('',(0.196116135138,-0.980580675691,0.));
#1718 = DIRECTION('',(-0.980580675691,-0.196116135138,0.));
#1719 = ADVANCED_FACE('',(#1720,#1738),#1772,.F.);
#1720 = FACE_BOUND('',#1721,.F.);
#1721 = EDGE_LOOP('',(#1722,#1723,#1724,#1732));
#1722 = ORIENTED_EDGE('',*,*,#182,.F.);
#1723 = ORIENTED_EDGE('',*,*,#1654,.T.);
#1724 = ORIENTED_EDGE('',*,*,#1725,.T.);
#1725 = EDGE_CURVE('',#1655,#1726,#1728,.T.);
#1726 = VERTEX_POINT('',#1727);
#1727 = CARTESIAN_POINT('',(-30.5,-21.,11.));
#1728 = LINE('',#1729,#1730);
#1729 = CARTESIAN_POINT('',(-30.5,22.5,11.));
#1730 = VECTOR('',#1731,1.);
#1731 = DIRECTION('',(0.,-1.,0.));
#1732 = ORIENTED_EDGE('',*,*,#1733,.F.);
#1733 = EDGE_CURVE('',#174,#1726,#1734,.T.);
#1734 = LINE('',#1735,#1736);
#1735 = CARTESIAN_POINT('',(-30.5,-21.,0.));
#1736 = VECTOR('',#1737,1.);
#1737 = DIRECTION('',(0.,0.,1.));
#1738 = FACE_BOUND('',#1739,.F.);
#1739 = EDGE_LOOP('',(#1740,#1750,#1758,#1766));
#1740 = ORIENTED_EDGE('',*,*,#1741,.T.);
#1741 = EDGE_CURVE('',#1742,#1744,#1746,.T.);
#1742 = VERTEX_POINT('',#1743);
#1743 = CARTESIAN_POINT('',(-30.5,14.25,5.5));
#1744 = VERTEX_POINT('',#1745);
#1745 = CARTESIAN_POINT('',(-30.5,14.25,1.));
#1746 = LINE('',#1747,#1748);
#1747 = CARTESIAN_POINT('',(-30.5,14.25,5.5));
#1748 = VECTOR('',#1749,1.);
#1749 = DIRECTION('',(0.,0.,-1.));
#1750 = ORIENTED_EDGE('',*,*,#1751,.T.);
#1751 = EDGE_CURVE('',#1744,#1752,#1754,.T.);
#1752 = VERTEX_POINT('',#1753);
#1753 = CARTESIAN_POINT('',(-30.5,2.75,1.));
#1754 = LINE('',#1755,#1756);
#1755 = CARTESIAN_POINT('',(-30.5,14.25,1.));
#1756 = VECTOR('',#1757,1.);
#1757 = DIRECTION('',(0.,-1.,0.));
#1758 = ORIENTED_EDGE('',*,*,#1759,.T.);
#1759 = EDGE_CURVE('',#1752,#1760,#1762,.T.);
#1760 = VERTEX_POINT('',#1761);
#1761 = CARTESIAN_POINT('',(-30.5,2.75,5.5));
#1762 = LINE('',#1763,#1764);
#1763 = CARTESIAN_POINT('',(-30.5,2.75,1.));
#1764 = VECTOR('',#1765,1.);
#1765 = DIRECTION('',(0.,0.,1.));
#1766 = ORIENTED_EDGE('',*,*,#1767,.T.);
#1767 = EDGE_CURVE('',#1760,#1742,#1768,.T.);
#1768 = LINE('',#1769,#1770);
#1769 = CARTESIAN_POINT('',(-30.5,2.75,5.5));
#1770 = VECTOR('',#1771,1.);
#1771 = DIRECTION('',(0.,1.,0.));
#1772 = PLANE('',#1773);
#1773 = AXIS2_PLACEMENT_3D('',#1774,#1775,#1776);
#1774 = CARTESIAN_POINT('',(-30.5,22.5,0.));
#1775 = DIRECTION('',(1.,0.,0.));
#1776 = DIRECTION('',(0.,-1.,0.));
#1777 = ADVANCED_FACE('',(#1778),#1802,.T.);
#1778 = FACE_BOUND('',#1779,.T.);
#1779 = EDGE_LOOP('',(#1780,#1781,#1782));
#1780 = ORIENTED_EDGE('',*,*,#143,.F.);
#1781 = ORIENTED_EDGE('',*,*,#1688,.T.);
#1782 = ORIENTED_EDGE('',*,*,#1783,.T.);
#1783 = EDGE_CURVE('',#1679,#144,#1784,.T.);
#1784 = B_SPLINE_CURVE_WITH_KNOTS('',6,(#1785,#1786,#1787,#1788,#1789,
    #1790,#1791,#1792,#1793,#1794,#1795,#1796,#1797,#1798,#1799,#1800,
    #1801),.UNSPECIFIED.,.F.,.F.,(7,5,5,7),(0.,0.25,0.5,1.),
  .UNSPECIFIED.);
#1785 = CARTESIAN_POINT('',(-14.83922322702,-23.30388386486,1.));
#1786 = CARTESIAN_POINT('',(-14.85044597912,-23.24777010436,
    0.958333333333));
#1787 = CARTESIAN_POINT('',(-14.86552206506,-23.19242701134,
    0.916666666667));
#1788 = CARTESIAN_POINT('',(-14.88438533436,-23.13818534193,0.875));
#1789 = CARTESIAN_POINT('',(-14.90693177364,-23.08536830201,
    0.833333333333));
#1790 = CARTESIAN_POINT('',(-14.9330208339,-23.03428496572,
    0.791666666667));
#1791 = CARTESIAN_POINT('',(-14.9919369212,-22.9361640618,0.708333333333
    ));
#1792 = CARTESIAN_POINT('',(-15.02476478654,-22.88912547131,
    0.666666666667));
#1793 = CARTESIAN_POINT('',(-15.06078636704,-22.84440103644,0.625));
#1794 = CARTESIAN_POINT('',(-15.09979640035,-22.80225786812,
    0.583333333333));
#1795 = CARTESIAN_POINT('',(-15.14156046836,-22.76293789404,
    0.541666666667));
#1796 = CARTESIAN_POINT('',(-15.27432405461,-22.65409778789,
    0.416666666667));
#1797 = CARTESIAN_POINT('',(-15.37279843306,-22.59369359149,
    0.333333333333));
#1798 = CARTESIAN_POINT('',(-15.47915185904,-22.54715584256,0.25));
#1799 = CARTESIAN_POINT('',(-15.59090386173,-22.51571855283,
    0.166666666667));
#1800 = CARTESIAN_POINT('',(-15.7053538388,-22.5,8.333333333334E-02));
#1801 = CARTESIAN_POINT('',(-15.81980390271,-22.5,0.));
#1802 = B_SPLINE_SURFACE_WITH_KNOTS('',7,6,(
    (#1803,#1804,#1805,#1806,#1807,#1808,#1809,#1810,#1811,#1812,#1813
      ,#1814,#1815,#1816,#1817,#1818,#1819)
    ,(#1820,#1821,#1822,#1823,#1824,#1825,#1826,#1827,#1828,#1829,#1830
      ,#1831,#1832,#1833,#1834,#1835,#1836)
    ,(#1837,#1838,#1839,#1840,#1841,#1842,#1843,#1844,#1845,#1846,#1847
      ,#1848,#1849,#1850,#1851,#1852,#1853)
    ,(#1854,#1855,#1856,#1857,#1858,#1859,#1860,#1861,#1862,#1863,#1864
      ,#1865,#1866,#1867,#1868,#1869,#1870)
    ,(#1871,#1872,#1873,#1874,#1875,#1876,#1877,#1878,#1879,#1880,#1881
      ,#1882,#1883,#1884,#1885,#1886,#1887)
    ,(#1888,#1889,#1890,#1891,#1892,#1893,#1894,#1895,#1896,#1897,#1898
      ,#1899,#1900,#1901,#1902,#1903,#1904)
    ,(#1905,#1906,#1907,#1908,#1909,#1910,#1911,#1912,#1913,#1914,#1915
      ,#1916,#1917,#1918,#1919,#1920,#1921)
    ,(#1922,#1923,#1924,#1925,#1926,#1927,#1928,#1929,#1930,#1931,#1932
      ,#1933,#1934,#1935,#1936,#1937,#1938
    )),.UNSPECIFIED.,.F.,.F.,.F.,(8,8),(7,5,5,7),(0.,1.),(0.,0.25,0.5,1.
    ),.UNSPECIFIED.);
#1803 = CARTESIAN_POINT('',(-13.85864255133,-23.10776772972,
    5.551115123126E-17));
#1804 = CARTESIAN_POINT('',(-13.87642990466,-23.01883096307,
    5.319818659662E-17));
#1805 = CARTESIAN_POINT('',(-13.9164608979,-22.9343570139,
    4.672188561964E-17));
#1806 = CARTESIAN_POINT('',(-13.98278953662,-22.86392181062,
    4.297777411733E-17));
#1807 = CARTESIAN_POINT('',(-14.05446594144,-22.80988596261,
    3.960951936814E-17));
#1808 = CARTESIAN_POINT('',(-14.13344754695,-22.76355920602,
    3.657375328518E-17));
#1809 = CARTESIAN_POINT('',(-14.29753616256,-22.68678054888,
    3.108046227792E-17));
#1810 = CARTESIAN_POINT('',(-14.38291512736,-22.65577271685,
    2.862293735362E-17));
#1811 = CARTESIAN_POINT('',(-14.47016790023,-22.63022468563,
    2.641116492175E-17));
#1812 = CARTESIAN_POINT('',(-14.55835128245,-22.60873942232,
    2.440177689541E-17));
#1813 = CARTESIAN_POINT('',(-14.64703972557,-22.5904445568,
    2.25514051877E-17));
#1814 = CARTESIAN_POINT('',(-14.91489654293,-22.54408803176,
    1.734723475977E-17));
#1815 = CARTESIAN_POINT('',(-15.09559108501,-22.52423609505,
    1.434038073474E-17));
#1816 = CARTESIAN_POINT('',(-15.27577057173,-22.51115275478,
    1.144917494145E-17));
#1817 = CARTESIAN_POINT('',(-15.45776078968,-22.50347419951,
    8.326672684689E-18));
#1818 = CARTESIAN_POINT('',(-15.63839810965,-22.5,-5.751546222135E-34));
#1819 = CARTESIAN_POINT('',(-15.81980390271,-22.5,0.));
#1820 = CARTESIAN_POINT('',(-14.0786843404,-23.15177608753,
    5.551115123126E-17));
#1821 = CARTESIAN_POINT('',(-14.09220227542,-23.06686199813,
    2.054478607217E-17));
#1822 = CARTESIAN_POINT('',(-14.12533666376,-22.98588327621,
    -7.544080441697E-17));
#1823 = CARTESIAN_POINT('',(-14.18155291728,-22.91709511129,
    -1.211783406194E-16));
#1824 = CARTESIAN_POINT('',(-14.24287913745,-22.86256705509,
    -1.555114438848E-16));
#1825 = CARTESIAN_POINT('',(-14.31097304693,-22.81489446349,
    -1.797560103213E-16));
#1826 = CARTESIAN_POINT('',(-14.45337377935,-22.73373426669,
    -2.106998617529E-16));
#1827 = CARTESIAN_POINT('',(-14.52791382609,-22.69977000268,
    -2.173991467479E-16));
#1828 = CARTESIAN_POINT('',(-14.60451623904,-22.6708161616,
    -2.166416871303E-16));
#1829 = CARTESIAN_POINT('',(-14.68234323899,-22.64571344537,
    -2.097433790081E-16));
#1830 = CARTESIAN_POINT('',(-14.76099658181,-22.62374866929,
    -1.980201184895E-16));
#1831 = CARTESIAN_POINT('',(-14.99955951173,-22.56646694749,
    -1.523231680689E-16));
#1832 = CARTESIAN_POINT('',(-15.16184507987,-22.53948918357,
    -1.078223093019E-16));
#1833 = CARTESIAN_POINT('',(-15.32481475019,-22.52029399481,
    -5.981239424658E-17));
#1834 = CARTESIAN_POINT('',(-15.49010770111,-22.50788868735,
    -1.882059176789E-17));
#1835 = CARTESIAN_POINT('',(-15.6546264501,-22.50133264725,
    -7.0429521214E-17));
#1836 = CARTESIAN_POINT('',(-15.81980390271,-22.5,2.986732578805E-32));
#1837 = CARTESIAN_POINT('',(-14.29872506503,-23.19578423246,
    5.874888655163E-02));
#1838 = CARTESIAN_POINT('',(-14.30948916827,-23.11519593762,
    5.696782360283E-02));
#1839 = CARTESIAN_POINT('',(-14.34497290296,-23.04081902926,
    6.646581724498E-02));
#1840 = CARTESIAN_POINT('',(-14.39050324304,-22.97456349478,
    6.835355271052E-02));
#1841 = CARTESIAN_POINT('',(-14.44038771155,-22.91891482161,
    6.910264424472E-02));
#1842 = CARTESIAN_POINT('',(-14.49568847321,-22.86898871071,
    6.884447383968E-02));
#1843 = CARTESIAN_POINT('',(-14.61244518387,-22.78093848889,
    6.657637313524E-02));
#1844 = CARTESIAN_POINT('',(-14.6740517265,-22.74249528357,
    6.456644283584E-02));
#1845 = CARTESIAN_POINT('',(-14.73805779365,-22.70859151041,
    6.181201458134E-02));
#1846 = CARTESIAN_POINT('',(-14.8038921657,-22.67847582885,
    5.844447036382E-02));
#1847 = CARTESIAN_POINT('',(-14.87124106619,-22.65168803115,
    5.459519217536E-02));
#1848 = CARTESIAN_POINT('',(-15.07766235319,-22.580801065,
    4.199630167335E-02));
#1849 = CARTESIAN_POINT('',(-15.22097388512,-22.54599253341,
    3.21956334232E-02));
#1850 = CARTESIAN_POINT('',(-15.36769599577,-22.52140832272,
    2.204461319418E-02));
#1851 = CARTESIAN_POINT('',(-15.51800631763,-22.5062812644,
    1.25942969229E-02));
#1852 = CARTESIAN_POINT('',(-15.67986893035,-22.501776863,
    1.75762050524E-02));
#1853 = CARTESIAN_POINT('',(-15.81980390271,-22.5,2.643388153869E-18));
#1854 = CARTESIAN_POINT('',(-14.50067474897,-23.23617416925,
    0.176237277798));
#1855 = CARTESIAN_POINT('',(-14.50951249376,-23.16007716363,
    0.170905137391));
#1856 = CARTESIAN_POINT('',(-14.53381144925,-23.08815160314,
    0.170631873877));
#1857 = CARTESIAN_POINT('',(-14.56963227083,-23.02371981055,
    0.166410260057));
#1858 = CARTESIAN_POINT('',(-14.60969687737,-22.96840506453,
    0.161368830497));
#1859 = CARTESIAN_POINT('',(-14.65490944829,-22.91794023036,
    0.155602179321));
#1860 = CARTESIAN_POINT('',(-14.75177911086,-22.82720982192,
    0.142807621983));
#1861 = CARTESIAN_POINT('',(-14.80356406814,-22.78665548903,
    0.135779715821));
#1862 = CARTESIAN_POINT('',(-14.85801460478,-22.75007275352,
    0.12821577629));
#1863 = CARTESIAN_POINT('',(-14.91463616502,-22.71688502021,
    0.120210397514));
#1864 = CARTESIAN_POINT('',(-14.97312418391,-22.68677837263,
    0.111858173618));
#1865 = CARTESIAN_POINT('',(-15.15384389425,-22.60554797397,
    8.604474893684E-02));
#1866 = CARTESIAN_POINT('',(-15.28123171237,-22.56334284754,
    6.782679516112E-02));
#1867 = CARTESIAN_POINT('',(-15.41308523252,-22.53188248792,
    4.935659038831E-02));
#1868 = CARTESIAN_POINT('',(-15.54883567975,-22.51121812746,
    3.139088760968E-02));
#1869 = CARTESIAN_POINT('',(-15.68825421093,-22.5015991767,
    2.075432069719E-02));
#1870 = CARTESIAN_POINT('',(-15.81980390271,-22.5,6.344131569287E-18));
#1871 = CARTESIAN_POINT('',(-14.66640835808,-23.26932089107,
    0.345253059177));
#1872 = CARTESIAN_POINT('',(-14.67302621786,-23.19765646936,
    0.333928211645));
#1873 = CARTESIAN_POINT('',(-14.68491813543,-23.12768632579,
    0.318758435438));
#1874 = CARTESIAN_POINT('',(-14.71183451496,-23.06503923082,
    0.305155425986));
#1875 = CARTESIAN_POINT('',(-14.74320294039,-23.0103651672,
    0.291346902376));
#1876 = CARTESIAN_POINT('',(-14.77980396775,-22.959762258,0.277356577779
    ));
#1877 = CARTESIAN_POINT('',(-14.86009968775,-22.86735773556,
    0.249059752958));
#1878 = CARTESIAN_POINT('',(-14.90390829784,-22.82528204116,
    0.234753252732));
#1879 = CARTESIAN_POINT('',(-14.95075939687,-22.78664254689,
    0.220312377865));
#1880 = CARTESIAN_POINT('',(-15.00017805758,-22.75099839694,
    0.205760841528));
#1881 = CARTESIAN_POINT('',(-15.05183268655,-22.71815824634,
    0.191122356892));
#1882 = CARTESIAN_POINT('',(-15.21293969965,-22.62822429035,
    0.147017197609));
#1883 = CARTESIAN_POINT('',(-15.32846097996,-22.57955238989,
    0.117360817585));
#1884 = CARTESIAN_POINT('',(-15.4492637746,-22.54187337929,
    8.764120243427E-02));
#1885 = CARTESIAN_POINT('',(-15.5739894303,-22.51604631857,
    5.804805753522E-02));
#1886 = CARTESIAN_POINT('',(-15.69217136904,-22.5010661178,
    2.517910009341E-02));
#1887 = CARTESIAN_POINT('',(-15.81980390271,-22.5,9.51619735393E-18));
#1888 = CARTESIAN_POINT('',(-14.78161520415,-23.29236226028,
    0.551202135017));
#1889 = CARTESIAN_POINT('',(-14.78727818389,-23.22538342348,
    0.530008301284));
#1890 = CARTESIAN_POINT('',(-14.79081960171,-23.15814738712,
    0.498251204092));
#1891 = CARTESIAN_POINT('',(-14.8113280395,-23.09763619496,
    0.472872210453));
#1892 = CARTESIAN_POINT('',(-14.83644326641,-23.0437723844,
    0.448126733868));
#1893 = CARTESIAN_POINT('',(-14.86678573561,-22.99323105128,
    0.423941676216));
#1894 = CARTESIAN_POINT('',(-14.93506310482,-22.89956466597,
    0.376546202533));
#1895 = CARTESIAN_POINT('',(-14.97309436261,-22.85619684931,
    0.353335786502));
#1896 = CARTESIAN_POINT('',(-15.01446421471,-22.8157857861,0.33053959316
    ));
#1897 = CARTESIAN_POINT('',(-15.05872042545,-22.77804179222,
    0.308084524385));
#1898 = CARTESIAN_POINT('',(-15.10551250227,-22.74289412196,
    0.285897482057));
#1899 = CARTESIAN_POINT('',(-15.25275008293,-22.64568466019,
    0.219921140044));
#1900 = CARTESIAN_POINT('',(-15.36000393914,-22.59170891107,
    0.176716625332));
#1901 = CARTESIAN_POINT('',(-15.4732616092,-22.54907560496,
    0.133707038945));
#1902 = CARTESIAN_POINT('',(-15.590520349,-22.51925022595,
    9.030759590863E-02));
#1903 = CARTESIAN_POINT('',(-15.6944443777,-22.50044421575,
    3.459053449532E-02));
#1904 = CARTESIAN_POINT('',(-15.81980390271,-22.5,1.057355261548E-17));
#1905 = CARTESIAN_POINT('',(-14.83922322702,-23.30388386486,
    0.775600524744));
#1906 = CARTESIAN_POINT('',(-14.84679957536,-23.24216426269,
    0.743283836213));
#1907 = CARTESIAN_POINT('',(-14.85961721209,-23.18234722128,
    0.710967147682));
#1908 = CARTESIAN_POINT('',(-14.87726797507,-23.12523799846,
    0.678650459151));
#1909 = CARTESIAN_POINT('',(-14.89885717275,-23.07136270184,
    0.64633377062));
#1910 = CARTESIAN_POINT('',(-14.92445654479,-23.01984660522,
    0.614017082089));
#1911 = CARTESIAN_POINT('',(-14.98292779701,-22.92214694442,
    0.549383705027));
#1912 = CARTESIAN_POINT('',(-15.01582374144,-22.87588014201,
    0.517067016496));
#1913 = CARTESIAN_POINT('',(-15.05216608865,-22.83221798829,
    0.484750327965));
#1914 = CARTESIAN_POINT('',(-15.0917122976,-22.7912418252,0.452433639434
    ));
#1915 = CARTESIAN_POINT('',(-15.13419120174,-22.75309271589,
    0.420116950903));
#1916 = CARTESIAN_POINT('',(-15.2695266235,-22.64772890239,0.32316688531
    ));
#1917 = CARTESIAN_POINT('',(-15.37029097127,-22.5895422676,
    0.258533508248));
#1918 = CARTESIAN_POINT('',(-15.4789837497,-22.54477079366,
    0.193900131186));
#1919 = CARTESIAN_POINT('',(-15.59275393842,-22.51476326359,
    0.129266754124));
#1920 = CARTESIAN_POINT('',(-15.70746231411,-22.5,6.463337706197E-02));
#1921 = CARTESIAN_POINT('',(-15.81980390271,-22.5,7.930164461608E-18));
#1922 = CARTESIAN_POINT('',(-14.83922322702,-23.30388386486,1.));
#1923 = CARTESIAN_POINT('',(-14.85044597912,-23.24777010436,
    0.958333333333));
#1924 = CARTESIAN_POINT('',(-14.86552206506,-23.19242701134,
    0.916666666667));
#1925 = CARTESIAN_POINT('',(-14.88438533436,-23.13818534193,0.875));
#1926 = CARTESIAN_POINT('',(-14.90693177364,-23.08536830201,
    0.833333333333));
#1927 = CARTESIAN_POINT('',(-14.9330208339,-23.03428496572,
    0.791666666667));
#1928 = CARTESIAN_POINT('',(-14.9919369212,-22.9361640618,0.708333333333
    ));
#1929 = CARTESIAN_POINT('',(-15.02476478654,-22.88912547131,
    0.666666666667));
#1930 = CARTESIAN_POINT('',(-15.06078636704,-22.84440103644,0.625));
#1931 = CARTESIAN_POINT('',(-15.09979640035,-22.80225786812,
    0.583333333333));
#1932 = CARTESIAN_POINT('',(-15.14156046836,-22.76293789404,
    0.541666666667));
#1933 = CARTESIAN_POINT('',(-15.27432405461,-22.65409778789,
    0.416666666667));
#1934 = CARTESIAN_POINT('',(-15.37279843306,-22.59369359149,
    0.333333333333));
#1935 = CARTESIAN_POINT('',(-15.47915185904,-22.54715584256,0.25));
#1936 = CARTESIAN_POINT('',(-15.59090386173,-22.51571855283,
    0.166666666667));
#1937 = CARTESIAN_POINT('',(-15.7053538388,-22.5,8.333333333334E-02));
#1938 = CARTESIAN_POINT('',(-15.81980390271,-22.5,0.));
#1939 = ADVANCED_FACE('',(#1940),#1952,.T.);
#1940 = FACE_BOUND('',#1941,.F.);
#1941 = EDGE_LOOP('',(#1942,#1943,#1944,#1951));
#1942 = ORIENTED_EDGE('',*,*,#173,.T.);
#1943 = ORIENTED_EDGE('',*,*,#1733,.T.);
#1944 = ORIENTED_EDGE('',*,*,#1945,.F.);
#1945 = EDGE_CURVE('',#766,#1726,#1946,.T.);
#1946 = CIRCLE('',#1947,1.5);
#1947 = AXIS2_PLACEMENT_3D('',#1948,#1949,#1950);
#1948 = CARTESIAN_POINT('',(-29.,-21.,11.));
#1949 = DIRECTION('',(-0.,-0.,-1.));
#1950 = DIRECTION('',(0.,-1.,0.));
#1951 = ORIENTED_EDGE('',*,*,#765,.F.);
#1952 = CYLINDRICAL_SURFACE('',#1953,1.5);
#1953 = AXIS2_PLACEMENT_3D('',#1954,#1955,#1956);
#1954 = CARTESIAN_POINT('',(-29.,-21.,0.));
#1955 = DIRECTION('',(0.,0.,1.));
#1956 = DIRECTION('',(0.,-1.,0.));
#1957 = ADVANCED_FACE('',(#1958),#1976,.F.);
#1958 = FACE_BOUND('',#1959,.T.);
#1959 = EDGE_LOOP('',(#1960,#1961,#1969,#1975));
#1960 = ORIENTED_EDGE('',*,*,#455,.F.);
#1961 = ORIENTED_EDGE('',*,*,#1962,.T.);
#1962 = EDGE_CURVE('',#443,#1963,#1965,.T.);
#1963 = VERTEX_POINT('',#1964);
#1964 = CARTESIAN_POINT('',(14.839223227028,23.303883864862,3.));
#1965 = LINE('',#1966,#1967);
#1966 = CARTESIAN_POINT('',(14.839223227028,23.303883864862,0.));
#1967 = VECTOR('',#1968,1.);
#1968 = DIRECTION('',(0.,0.,1.));
#1969 = ORIENTED_EDGE('',*,*,#1970,.F.);
#1970 = EDGE_CURVE('',#315,#1963,#1971,.T.);
#1971 = ( BOUNDED_CURVE() B_SPLINE_CURVE(2,(#1972,#1973,#1974),
.UNSPECIFIED.,.F.,.F.) B_SPLINE_CURVE_WITH_KNOTS((3,3),(0.,
1.570796326795),.PIECEWISE_BEZIER_KNOTS.) CURVE() 
GEOMETRIC_REPRESENTATION_ITEM() RATIONAL_B_SPLINE_CURVE((1.,
0.773342141338,1.)) REPRESENTATION_ITEM('') );
#1972 = CARTESIAN_POINT('',(15.819803902719,22.5,3.));
#1973 = CARTESIAN_POINT('',(15.,22.5,3.));
#1974 = CARTESIAN_POINT('',(14.839223227028,23.303883864862,3.));
#1975 = ORIENTED_EDGE('',*,*,#314,.F.);
#1976 = CYLINDRICAL_SURFACE('',#1977,1.);
#1977 = AXIS2_PLACEMENT_3D('',#1978,#1979,#1980);
#1978 = CARTESIAN_POINT('',(15.819803902719,23.5,0.));
#1979 = DIRECTION('',(0.,0.,1.));
#1980 = DIRECTION('',(0.,-1.,0.));
#1981 = ADVANCED_FACE('',(#1982,#1992),#2026,.T.);
#1982 = FACE_BOUND('',#1983,.T.);
#1983 = EDGE_LOOP('',(#1984,#1985,#1986,#1987,#1988,#1989,#1990,#1991));
#1984 = ORIENTED_EDGE('',*,*,#394,.F.);
#1985 = ORIENTED_EDGE('',*,*,#1662,.T.);
#1986 = ORIENTED_EDGE('',*,*,#1725,.T.);
#1987 = ORIENTED_EDGE('',*,*,#1945,.F.);
#1988 = ORIENTED_EDGE('',*,*,#773,.T.);
#1989 = ORIENTED_EDGE('',*,*,#715,.F.);
#1990 = ORIENTED_EDGE('',*,*,#624,.T.);
#1991 = ORIENTED_EDGE('',*,*,#425,.F.);
#1992 = FACE_BOUND('',#1993,.F.);
#1993 = EDGE_LOOP('',(#1994,#2004,#2012,#2020));
#1994 = ORIENTED_EDGE('',*,*,#1995,.T.);
#1995 = EDGE_CURVE('',#1996,#1998,#2000,.T.);
#1996 = VERTEX_POINT('',#1997);
#1997 = CARTESIAN_POINT('',(29.5,21.5,11.));
#1998 = VERTEX_POINT('',#1999);
#1999 = CARTESIAN_POINT('',(-29.5,21.5,11.));
#2000 = LINE('',#2001,#2002);
#2001 = CARTESIAN_POINT('',(29.5,21.5,11.));
#2002 = VECTOR('',#2003,1.);
#2003 = DIRECTION('',(-1.,0.,0.));
#2004 = ORIENTED_EDGE('',*,*,#2005,.T.);
#2005 = EDGE_CURVE('',#1998,#2006,#2008,.T.);
#2006 = VERTEX_POINT('',#2007);
#2007 = CARTESIAN_POINT('',(-29.5,-21.5,11.));
#2008 = LINE('',#2009,#2010);
#2009 = CARTESIAN_POINT('',(-29.5,21.5,11.));
#2010 = VECTOR('',#2011,1.);
#2011 = DIRECTION('',(0.,-1.,0.));
#2012 = ORIENTED_EDGE('',*,*,#2013,.T.);
#2013 = EDGE_CURVE('',#2006,#2014,#2016,.T.);
#2014 = VERTEX_POINT('',#2015);
#2015 = CARTESIAN_POINT('',(29.5,-21.5,11.));
#2016 = LINE('',#2017,#2018);
#2017 = CARTESIAN_POINT('',(-29.5,-21.5,11.));
#2018 = VECTOR('',#2019,1.);
#2019 = DIRECTION('',(1.,0.,0.));
#2020 = ORIENTED_EDGE('',*,*,#2021,.T.);
#2021 = EDGE_CURVE('',#2014,#1996,#2022,.T.);
#2022 = LINE('',#2023,#2024);
#2023 = CARTESIAN_POINT('',(29.5,-21.5,11.));
#2024 = VECTOR('',#2025,1.);
#2025 = DIRECTION('',(0.,1.,0.));
#2026 = PLANE('',#2027);
#2027 = AXIS2_PLACEMENT_3D('',#2028,#2029,#2030);
#2028 = CARTESIAN_POINT('',(0.504355293144,0.981243246214,11.));
#2029 = DIRECTION('',(0.,0.,1.));
#2030 = DIRECTION('',(1.,0.,0.));
#2031 = ADVANCED_FACE('',(#2032),#2055,.T.);
#2032 = FACE_BOUND('',#2033,.T.);
#2033 = EDGE_LOOP('',(#2034,#2035,#2048,#2054));
#2034 = ORIENTED_EDGE('',*,*,#1970,.T.);
#2035 = ORIENTED_EDGE('',*,*,#2036,.T.);
#2036 = EDGE_CURVE('',#1963,#2037,#2039,.T.);
#2037 = VERTEX_POINT('',#2038);
#2038 = CARTESIAN_POINT('',(13.780196097281,23.5,4.));
#2039 = ( BOUNDED_CURVE() B_SPLINE_CURVE(7,(#2040,#2041,#2042,#2043,
    #2044,#2045,#2046,#2047),.UNSPECIFIED.,.F.,.F.) 
B_SPLINE_CURVE_WITH_KNOTS((8,8),(0.,1.570796326795),
.PIECEWISE_BEZIER_KNOTS.) CURVE() GEOMETRIC_REPRESENTATION_ITEM() 
RATIONAL_B_SPLINE_CURVE((1.,1.,1.,1.,1.,1.,1.,1.)) REPRESENTATION_ITEM(
  '') );
#2040 = CARTESIAN_POINT('',(14.839223227028,23.303883864862,3.));
#2041 = CARTESIAN_POINT('',(14.839223227028,23.303883864862,
    3.237645132197));
#2042 = CARTESIAN_POINT('',(14.769640809764,23.316711819332,
    3.475246789343));
#2043 = CARTESIAN_POINT('',(14.629154901163,23.342526563604,
    3.686583136504));
#2044 = CARTESIAN_POINT('',(14.44034617794,23.377698956771,
    3.842641080485));
#2045 = CARTESIAN_POINT('',(14.229142665797,23.416862969623,
    3.947656682502));
#2046 = CARTESIAN_POINT('',(14.004595572538,23.458444541619,4.));
#2047 = CARTESIAN_POINT('',(13.780196097281,23.5,4.));
#2048 = ORIENTED_EDGE('',*,*,#2049,.F.);
#2049 = EDGE_CURVE('',#323,#2037,#2050,.T.);
#2050 = ( BOUNDED_CURVE() B_SPLINE_CURVE(2,(#2051,#2052,#2053),
.UNSPECIFIED.,.F.,.F.) B_SPLINE_CURVE_WITH_KNOTS((3,3),(0.,
1.570796326795),.PIECEWISE_BEZIER_KNOTS.) CURVE() 
GEOMETRIC_REPRESENTATION_ITEM() RATIONAL_B_SPLINE_CURVE((1.,
0.707106781187,1.)) REPRESENTATION_ITEM('') );
#2051 = CARTESIAN_POINT('',(13.780196097281,22.5,5.));
#2052 = CARTESIAN_POINT('',(13.780196097281,22.5,4.));
#2053 = CARTESIAN_POINT('',(13.780196097281,23.5,4.));
#2054 = ORIENTED_EDGE('',*,*,#322,.F.);
#2055 = ( BOUNDED_SURFACE() B_SPLINE_SURFACE(2,7,(
    (#2056,#2057,#2058,#2059,#2060,#2061,#2062,#2063)
    ,(#2064,#2065,#2066,#2067,#2068,#2069,#2070,#2071)
    ,(#2072,#2073,#2074,#2075,#2076,#2077,#2078,#2079
)),.UNSPECIFIED.,.F.,.F.,.F.) B_SPLINE_SURFACE_WITH_KNOTS((3,3),(8,8),(
    0.,1.570796326795),(0.,1.570796326795),.PIECEWISE_BEZIER_KNOTS.) 
GEOMETRIC_REPRESENTATION_ITEM() RATIONAL_B_SPLINE_SURFACE((
    (1.,1.,1.,1.,1.,1.,1.,1.)
    ,(0.773342141338,0.773342141338,0.769193147289,0.760858920793
      ,0.749319619387,0.736141496402,0.721798854395,0.707106781187)
,(1.,1.,1.,1.,1.,1.,1.,1.))) REPRESENTATION_ITEM('') SURFACE() );
#2056 = CARTESIAN_POINT('',(15.819803902719,22.5,3.));
#2057 = CARTESIAN_POINT('',(15.819803902719,22.5,3.457686921269));
#2058 = CARTESIAN_POINT('',(15.695108646686,22.5,3.915332715558));
#2059 = CARTESIAN_POINT('',(15.444962669765,22.5,4.330972200283));
#2060 = CARTESIAN_POINT('',(15.093398773014,22.5,4.660502613789));
#2061 = CARTESIAN_POINT('',(14.677887010833,22.5,4.88686400226));
#2062 = CARTESIAN_POINT('',(14.228995047794,22.5,5.));
#2063 = CARTESIAN_POINT('',(13.780196097281,22.5,5.));
#2064 = CARTESIAN_POINT('',(15.,22.5,3.));
#2065 = CARTESIAN_POINT('',(15.,22.5,3.273723355686));
#2066 = CARTESIAN_POINT('',(14.912207803651,22.5,3.550301506617));
#2067 = CARTESIAN_POINT('',(14.731725989371,22.5,3.790835275775));
#2068 = CARTESIAN_POINT('',(14.49281201783,22.5,3.947191364163));
#2069 = CARTESIAN_POINT('',(14.242908396381,22.5,4.027618194227));
#2070 = CARTESIAN_POINT('',(14.000027965512,22.5,4.040709605228));
#2071 = CARTESIAN_POINT('',(13.780196097281,22.5,4.));
#2072 = CARTESIAN_POINT('',(14.839223227028,23.303883864862,3.));
#2073 = CARTESIAN_POINT('',(14.839223227028,23.303883864862,
    3.237645132197));
#2074 = CARTESIAN_POINT('',(14.769640809764,23.316711819332,
    3.475246789343));
#2075 = CARTESIAN_POINT('',(14.629154901163,23.342526563604,
    3.686583136504));
#2076 = CARTESIAN_POINT('',(14.44034617794,23.377698956771,
    3.842641080485));
#2077 = CARTESIAN_POINT('',(14.229142665797,23.416862969623,
    3.947656682502));
#2078 = CARTESIAN_POINT('',(14.004595572538,23.458444541619,4.));
#2079 = CARTESIAN_POINT('',(13.780196097281,23.5,4.));
#2080 = ADVANCED_FACE('',(#2081),#2092,.F.);
#2081 = FACE_BOUND('',#2082,.F.);
#2082 = EDGE_LOOP('',(#2083,#2084,#2090,#2091));
#2083 = ORIENTED_EDGE('',*,*,#885,.T.);
#2084 = ORIENTED_EDGE('',*,*,#2085,.T.);
#2085 = EDGE_CURVE('',#878,#2037,#2086,.T.);
#2086 = LINE('',#2087,#2088);
#2087 = CARTESIAN_POINT('',(11.,23.5,4.));
#2088 = VECTOR('',#2089,1.);
#2089 = DIRECTION('',(1.,0.,0.));
#2090 = ORIENTED_EDGE('',*,*,#2049,.F.);
#2091 = ORIENTED_EDGE('',*,*,#335,.F.);
#2092 = CYLINDRICAL_SURFACE('',#2093,1.);
#2093 = AXIS2_PLACEMENT_3D('',#2094,#2095,#2096);
#2094 = CARTESIAN_POINT('',(11.,23.5,5.));
#2095 = DIRECTION('',(1.,0.,0.));
#2096 = DIRECTION('',(0.,-1.,0.));
#2097 = ADVANCED_FACE('',(#2098),#2116,.F.);
#2098 = FACE_BOUND('',#2099,.F.);
#2099 = EDGE_LOOP('',(#2100,#2101,#2109,#2115));
#2100 = ORIENTED_EDGE('',*,*,#1389,.F.);
#2101 = ORIENTED_EDGE('',*,*,#2102,.T.);
#2102 = EDGE_CURVE('',#1344,#2103,#2105,.T.);
#2103 = VERTEX_POINT('',#2104);
#2104 = CARTESIAN_POINT('',(-14.83922322702,23.303883864862,3.));
#2105 = LINE('',#2106,#2107);
#2106 = CARTESIAN_POINT('',(-14.83922322702,23.303883864862,0.));
#2107 = VECTOR('',#2108,1.);
#2108 = DIRECTION('',(0.,0.,1.));
#2109 = ORIENTED_EDGE('',*,*,#2110,.F.);
#2110 = EDGE_CURVE('',#367,#2103,#2111,.T.);
#2111 = ( BOUNDED_CURVE() B_SPLINE_CURVE(2,(#2112,#2113,#2114),
.UNSPECIFIED.,.F.,.F.) B_SPLINE_CURVE_WITH_KNOTS((3,3),(0.,
1.570796326795),.PIECEWISE_BEZIER_KNOTS.) CURVE() 
GEOMETRIC_REPRESENTATION_ITEM() RATIONAL_B_SPLINE_CURVE((1.,
0.773342141338,1.)) REPRESENTATION_ITEM('') );
#2112 = CARTESIAN_POINT('',(-15.81980390271,22.5,3.));
#2113 = CARTESIAN_POINT('',(-15.,22.5,3.));
#2114 = CARTESIAN_POINT('',(-14.83922322702,23.303883864862,3.));
#2115 = ORIENTED_EDGE('',*,*,#379,.F.);
#2116 = CYLINDRICAL_SURFACE('',#2117,1.);
#2117 = AXIS2_PLACEMENT_3D('',#2118,#2119,#2120);
#2118 = CARTESIAN_POINT('',(-15.81980390271,23.5,0.));
#2119 = DIRECTION('',(0.,0.,1.));
#2120 = DIRECTION('',(-0.,-1.,-0.));
#2121 = ADVANCED_FACE('',(#2122),#2145,.F.);
#2122 = FACE_BOUND('',#2123,.F.);
#2123 = EDGE_LOOP('',(#2124,#2125,#2138,#2144));
#2124 = ORIENTED_EDGE('',*,*,#2110,.T.);
#2125 = ORIENTED_EDGE('',*,*,#2126,.T.);
#2126 = EDGE_CURVE('',#2103,#2127,#2129,.T.);
#2127 = VERTEX_POINT('',#2128);
#2128 = CARTESIAN_POINT('',(-13.78019609728,23.5,4.));
#2129 = ( BOUNDED_CURVE() B_SPLINE_CURVE(7,(#2130,#2131,#2132,#2133,
    #2134,#2135,#2136,#2137),.UNSPECIFIED.,.F.,.F.) 
B_SPLINE_CURVE_WITH_KNOTS((8,8),(0.,1.570796326795),
.PIECEWISE_BEZIER_KNOTS.) CURVE() GEOMETRIC_REPRESENTATION_ITEM() 
RATIONAL_B_SPLINE_CURVE((1.,1.,1.,1.,1.,1.,1.,1.)) REPRESENTATION_ITEM(
  '') );
#2130 = CARTESIAN_POINT('',(-14.83922322702,23.303883864862,3.));
#2131 = CARTESIAN_POINT('',(-14.83922322702,23.303883864862,
    3.237645132197));
#2132 = CARTESIAN_POINT('',(-14.76964080976,23.316711819332,
    3.475246789343));
#2133 = CARTESIAN_POINT('',(-14.62915490116,23.342526563604,
    3.686583136504));
#2134 = CARTESIAN_POINT('',(-14.44034617794,23.377698956771,
    3.842641080485));
#2135 = CARTESIAN_POINT('',(-14.22914266579,23.416862969623,
    3.947656682502));
#2136 = CARTESIAN_POINT('',(-14.00459557253,23.458444541619,4.));
#2137 = CARTESIAN_POINT('',(-13.78019609728,23.5,4.));
#2138 = ORIENTED_EDGE('',*,*,#2139,.F.);
#2139 = EDGE_CURVE('',#359,#2127,#2140,.T.);
#2140 = ( BOUNDED_CURVE() B_SPLINE_CURVE(2,(#2141,#2142,#2143),
.UNSPECIFIED.,.F.,.F.) B_SPLINE_CURVE_WITH_KNOTS((3,3),(0.,
1.570796326795),.PIECEWISE_BEZIER_KNOTS.) CURVE() 
GEOMETRIC_REPRESENTATION_ITEM() RATIONAL_B_SPLINE_CURVE((1.,
0.707106781187,1.)) REPRESENTATION_ITEM('') );
#2141 = CARTESIAN_POINT('',(-13.78019609728,22.5,5.));
#2142 = CARTESIAN_POINT('',(-13.78019609728,22.5,4.));
#2143 = CARTESIAN_POINT('',(-13.78019609728,23.5,4.));
#2144 = ORIENTED_EDGE('',*,*,#366,.F.);
#2145 = ( BOUNDED_SURFACE() B_SPLINE_SURFACE(2,7,(
    (#2146,#2147,#2148,#2149,#2150,#2151,#2152,#2153)
    ,(#2154,#2155,#2156,#2157,#2158,#2159,#2160,#2161)
    ,(#2162,#2163,#2164,#2165,#2166,#2167,#2168,#2169
)),.UNSPECIFIED.,.F.,.F.,.F.) B_SPLINE_SURFACE_WITH_KNOTS((3,3),(8,8),(
    0.,1.570796326795),(0.,1.570796326795),.PIECEWISE_BEZIER_KNOTS.) 
GEOMETRIC_REPRESENTATION_ITEM() RATIONAL_B_SPLINE_SURFACE((
    (1.,1.,1.,1.,1.,1.,1.,1.)
    ,(0.773342141338,0.773342141338,0.769193147289,0.760858920793
      ,0.749319619387,0.736141496402,0.721798854395,0.707106781187)
,(1.,1.,1.,1.,1.,1.,1.,1.))) REPRESENTATION_ITEM('') SURFACE() );
#2146 = CARTESIAN_POINT('',(-15.81980390271,22.5,3.));
#2147 = CARTESIAN_POINT('',(-15.81980390271,22.5,3.457686921269));
#2148 = CARTESIAN_POINT('',(-15.69510864668,22.5,3.915332715558));
#2149 = CARTESIAN_POINT('',(-15.44496266976,22.5,4.330972200283));
#2150 = CARTESIAN_POINT('',(-15.09339877301,22.5,4.660502613789));
#2151 = CARTESIAN_POINT('',(-14.67788701083,22.5,4.88686400226));
#2152 = CARTESIAN_POINT('',(-14.22899504779,22.5,5.));
#2153 = CARTESIAN_POINT('',(-13.78019609728,22.5,5.));
#2154 = CARTESIAN_POINT('',(-15.,22.5,3.));
#2155 = CARTESIAN_POINT('',(-15.,22.5,3.273723355686));
#2156 = CARTESIAN_POINT('',(-14.91220780365,22.5,3.550301506617));
#2157 = CARTESIAN_POINT('',(-14.73172598937,22.5,3.790835275775));
#2158 = CARTESIAN_POINT('',(-14.49281201783,22.5,3.947191364163));
#2159 = CARTESIAN_POINT('',(-14.24290839638,22.5,4.027618194227));
#2160 = CARTESIAN_POINT('',(-14.00002796551,22.5,4.040709605228));
#2161 = CARTESIAN_POINT('',(-13.78019609728,22.5,4.));
#2162 = CARTESIAN_POINT('',(-14.83922322702,23.303883864862,3.));
#2163 = CARTESIAN_POINT('',(-14.83922322702,23.303883864862,
    3.237645132197));
#2164 = CARTESIAN_POINT('',(-14.76964080976,23.316711819332,
    3.475246789343));
#2165 = CARTESIAN_POINT('',(-14.62915490116,23.342526563604,
    3.686583136504));
#2166 = CARTESIAN_POINT('',(-14.44034617794,23.377698956771,
    3.842641080485));
#2167 = CARTESIAN_POINT('',(-14.22914266579,23.416862969623,
    3.947656682502));
#2168 = CARTESIAN_POINT('',(-14.00459557253,23.458444541619,4.));
#2169 = CARTESIAN_POINT('',(-13.78019609728,23.5,4.));
#2170 = ADVANCED_FACE('',(#2171),#2182,.F.);
#2171 = FACE_BOUND('',#2172,.T.);
#2172 = EDGE_LOOP('',(#2173,#2174,#2180,#2181));
#2173 = ORIENTED_EDGE('',*,*,#1173,.T.);
#2174 = ORIENTED_EDGE('',*,*,#2175,.T.);
#2175 = EDGE_CURVE('',#1166,#2127,#2176,.T.);
#2176 = LINE('',#2177,#2178);
#2177 = CARTESIAN_POINT('',(-11.,23.5,4.));
#2178 = VECTOR('',#2179,1.);
#2179 = DIRECTION('',(-1.,-0.,-0.));
#2180 = ORIENTED_EDGE('',*,*,#2139,.F.);
#2181 = ORIENTED_EDGE('',*,*,#358,.F.);
#2182 = CYLINDRICAL_SURFACE('',#2183,1.);
#2183 = AXIS2_PLACEMENT_3D('',#2184,#2185,#2186);
#2184 = CARTESIAN_POINT('',(-11.,23.5,5.));
#2185 = DIRECTION('',(-1.,-0.,-0.));
#2186 = DIRECTION('',(-0.,-1.,-0.));
#2187 = ADVANCED_FACE('',(#2188),#2213,.F.);
#2188 = FACE_BOUND('',#2189,.F.);
#2189 = EDGE_LOOP('',(#2190,#2191,#2199,#2207));
#2190 = ORIENTED_EDGE('',*,*,#633,.F.);
#2191 = ORIENTED_EDGE('',*,*,#2192,.T.);
#2192 = EDGE_CURVE('',#634,#2193,#2195,.T.);
#2193 = VERTEX_POINT('',#2194);
#2194 = CARTESIAN_POINT('',(29.5,-18.,10.25));
#2195 = LINE('',#2196,#2197);
#2196 = CARTESIAN_POINT('',(30.5,-18.,10.25));
#2197 = VECTOR('',#2198,1.);
#2198 = DIRECTION('',(-1.,-0.,-0.));
#2199 = ORIENTED_EDGE('',*,*,#2200,.T.);
#2200 = EDGE_CURVE('',#2193,#2201,#2203,.T.);
#2201 = VERTEX_POINT('',#2202);
#2202 = CARTESIAN_POINT('',(29.5,-18.,6.75));
#2203 = LINE('',#2204,#2205);
#2204 = CARTESIAN_POINT('',(29.5,-18.,5.125));
#2205 = VECTOR('',#2206,1.);
#2206 = DIRECTION('',(-0.,-0.,-1.));
#2207 = ORIENTED_EDGE('',*,*,#2208,.F.);
#2208 = EDGE_CURVE('',#636,#2201,#2209,.T.);
#2209 = LINE('',#2210,#2211);
#2210 = CARTESIAN_POINT('',(30.5,-18.,6.75));
#2211 = VECTOR('',#2212,1.);
#2212 = DIRECTION('',(-1.,-0.,-0.));
#2213 = PLANE('',#2214);
#2214 = AXIS2_PLACEMENT_3D('',#2215,#2216,#2217);
#2215 = CARTESIAN_POINT('',(30.5,-18.,10.25));
#2216 = DIRECTION('',(0.,-1.,0.));
#2217 = DIRECTION('',(0.,0.,-1.));
#2218 = ADVANCED_FACE('',(#2219),#2237,.F.);
#2219 = FACE_BOUND('',#2220,.F.);
#2220 = EDGE_LOOP('',(#2221,#2222,#2230,#2236));
#2221 = ORIENTED_EDGE('',*,*,#659,.F.);
#2222 = ORIENTED_EDGE('',*,*,#2223,.T.);
#2223 = EDGE_CURVE('',#652,#2224,#2226,.T.);
#2224 = VERTEX_POINT('',#2225);
#2225 = CARTESIAN_POINT('',(29.5,-13.,10.25));
#2226 = LINE('',#2227,#2228);
#2227 = CARTESIAN_POINT('',(30.5,-13.,10.25));
#2228 = VECTOR('',#2229,1.);
#2229 = DIRECTION('',(-1.,-0.,-0.));
#2230 = ORIENTED_EDGE('',*,*,#2231,.T.);
#2231 = EDGE_CURVE('',#2224,#2193,#2232,.T.);
#2232 = LINE('',#2233,#2234);
#2233 = CARTESIAN_POINT('',(29.5,-17.25,10.25));
#2234 = VECTOR('',#2235,1.);
#2235 = DIRECTION('',(0.,-1.,0.));
#2236 = ORIENTED_EDGE('',*,*,#2192,.F.);
#2237 = PLANE('',#2238);
#2238 = AXIS2_PLACEMENT_3D('',#2239,#2240,#2241);
#2239 = CARTESIAN_POINT('',(30.5,-13.,10.25));
#2240 = DIRECTION('',(0.,0.,1.));
#2241 = DIRECTION('',(0.,-1.,0.));
#2242 = ADVANCED_FACE('',(#2243),#2261,.F.);
#2243 = FACE_BOUND('',#2244,.F.);
#2244 = EDGE_LOOP('',(#2245,#2246,#2254,#2260));
#2245 = ORIENTED_EDGE('',*,*,#651,.F.);
#2246 = ORIENTED_EDGE('',*,*,#2247,.T.);
#2247 = EDGE_CURVE('',#644,#2248,#2250,.T.);
#2248 = VERTEX_POINT('',#2249);
#2249 = CARTESIAN_POINT('',(29.5,-13.,6.75));
#2250 = LINE('',#2251,#2252);
#2251 = CARTESIAN_POINT('',(30.5,-13.,6.75));
#2252 = VECTOR('',#2253,1.);
#2253 = DIRECTION('',(-1.,-0.,-0.));
#2254 = ORIENTED_EDGE('',*,*,#2255,.T.);
#2255 = EDGE_CURVE('',#2248,#2224,#2256,.T.);
#2256 = LINE('',#2257,#2258);
#2257 = CARTESIAN_POINT('',(29.5,-13.,3.375));
#2258 = VECTOR('',#2259,1.);
#2259 = DIRECTION('',(0.,0.,1.));
#2260 = ORIENTED_EDGE('',*,*,#2223,.F.);
#2261 = PLANE('',#2262);
#2262 = AXIS2_PLACEMENT_3D('',#2263,#2264,#2265);
#2263 = CARTESIAN_POINT('',(30.5,-13.,6.75));
#2264 = DIRECTION('',(0.,1.,0.));
#2265 = DIRECTION('',(0.,0.,1.));
#2266 = ADVANCED_FACE('',(#2267),#2278,.F.);
#2267 = FACE_BOUND('',#2268,.F.);
#2268 = EDGE_LOOP('',(#2269,#2270,#2271,#2277));
#2269 = ORIENTED_EDGE('',*,*,#643,.F.);
#2270 = ORIENTED_EDGE('',*,*,#2208,.T.);
#2271 = ORIENTED_EDGE('',*,*,#2272,.T.);
#2272 = EDGE_CURVE('',#2201,#2248,#2273,.T.);
#2273 = LINE('',#2274,#2275);
#2274 = CARTESIAN_POINT('',(29.5,-19.75,6.75));
#2275 = VECTOR('',#2276,1.);
#2276 = DIRECTION('',(0.,1.,0.));
#2277 = ORIENTED_EDGE('',*,*,#2247,.F.);
#2278 = PLANE('',#2279);
#2279 = AXIS2_PLACEMENT_3D('',#2280,#2281,#2282);
#2280 = CARTESIAN_POINT('',(30.5,-18.,6.75));
#2281 = DIRECTION('',(0.,0.,-1.));
#2282 = DIRECTION('',(0.,1.,0.));
#2283 = ADVANCED_FACE('',(#2284),#2311,.F.);
#2284 = FACE_BOUND('',#2285,.F.);
#2285 = EDGE_LOOP('',(#2286,#2287,#2288,#2296,#2304));
#2286 = ORIENTED_EDGE('',*,*,#673,.F.);
#2287 = ORIENTED_EDGE('',*,*,#1962,.T.);
#2288 = ORIENTED_EDGE('',*,*,#2289,.T.);
#2289 = EDGE_CURVE('',#1963,#2290,#2292,.T.);
#2290 = VERTEX_POINT('',#2291);
#2291 = CARTESIAN_POINT('',(14.482842712475,25.085786437625,3.));
#2292 = LINE('',#2293,#2294);
#2293 = CARTESIAN_POINT('',(15.,22.5,3.));
#2294 = VECTOR('',#2295,1.);
#2295 = DIRECTION('',(-0.196116135138,0.980580675691,0.));
#2296 = ORIENTED_EDGE('',*,*,#2297,.F.);
#2297 = EDGE_CURVE('',#2298,#2290,#2300,.T.);
#2298 = VERTEX_POINT('',#2299);
#2299 = CARTESIAN_POINT('',(14.541421356238,24.792893218808,
    2.707106781182));
#2300 = LINE('',#2301,#2302);
#2301 = CARTESIAN_POINT('',(14.686971253058,24.065143734711,
    1.979357297088));
#2302 = VECTOR('',#2303,1.);
#2303 = DIRECTION('',(-0.140028008403,0.700140042015,0.700140042013));
#2304 = ORIENTED_EDGE('',*,*,#2305,.F.);
#2305 = EDGE_CURVE('',#674,#2298,#2306,.T.);
#2306 = ELLIPSE('',#2307,1.019803902719,1.);
#2307 = AXIS2_PLACEMENT_3D('',#2308,#2309,#2310);
#2308 = CARTESIAN_POINT('',(14.4,25.5,2.));
#2309 = DIRECTION('',(-0.980580675691,-0.196116135138,-0.));
#2310 = DIRECTION('',(-0.196116135138,0.980580675691,0.));
#2311 = PLANE('',#2312);
#2312 = AXIS2_PLACEMENT_3D('',#2313,#2314,#2315);
#2313 = CARTESIAN_POINT('',(15.,22.5,0.));
#2314 = DIRECTION('',(-0.980580675691,-0.196116135138,0.));
#2315 = DIRECTION('',(-0.196116135138,0.980580675691,0.));
#2316 = ADVANCED_FACE('',(#2317),#2351,.F.);
#2317 = FACE_BOUND('',#2318,.F.);
#2318 = EDGE_LOOP('',(#2319,#2320,#2329,#2337,#2345));
#2319 = ORIENTED_EDGE('',*,*,#692,.F.);
#2320 = ORIENTED_EDGE('',*,*,#2321,.F.);
#2321 = EDGE_CURVE('',#2322,#674,#2324,.T.);
#2322 = VERTEX_POINT('',#2323);
#2323 = CARTESIAN_POINT('',(14.258578643762,26.20710678119,
    2.707106781183));
#2324 = ELLIPSE('',#2325,1.019803902719,1.);
#2325 = AXIS2_PLACEMENT_3D('',#2326,#2327,#2328);
#2326 = CARTESIAN_POINT('',(14.4,25.5,2.));
#2327 = DIRECTION('',(-0.980580675691,-0.196116135138,-0.));
#2328 = DIRECTION('',(-0.196116135138,0.980580675691,0.));
#2329 = ORIENTED_EDGE('',*,*,#2330,.F.);
#2330 = EDGE_CURVE('',#2331,#2322,#2333,.T.);
#2331 = VERTEX_POINT('',#2332);
#2332 = CARTESIAN_POINT('',(14.317157287525,25.914213562374,3.));
#2333 = LINE('',#2334,#2335);
#2334 = CARTESIAN_POINT('',(14.282920238983,26.085398805087,
    2.828814757288));
#2335 = VECTOR('',#2336,1.);
#2336 = DIRECTION('',(-0.140028008403,0.700140042014,-0.700140042014));
#2337 = ORIENTED_EDGE('',*,*,#2338,.T.);
#2338 = EDGE_CURVE('',#2331,#2339,#2341,.T.);
#2339 = VERTEX_POINT('',#2340);
#2340 = CARTESIAN_POINT('',(14.160776772972,26.696116135138,3.));
#2341 = LINE('',#2342,#2343);
#2342 = CARTESIAN_POINT('',(15.,22.5,3.));
#2343 = VECTOR('',#2344,1.);
#2344 = DIRECTION('',(-0.196116135138,0.980580675691,0.));
#2345 = ORIENTED_EDGE('',*,*,#2346,.F.);
#2346 = EDGE_CURVE('',#684,#2339,#2347,.T.);
#2347 = LINE('',#2348,#2349);
#2348 = CARTESIAN_POINT('',(14.160776772972,26.696116135138,0.));
#2349 = VECTOR('',#2350,1.);
#2350 = DIRECTION('',(0.,0.,1.));
#2351 = PLANE('',#2352);
#2352 = AXIS2_PLACEMENT_3D('',#2353,#2354,#2355);
#2353 = CARTESIAN_POINT('',(15.,22.5,0.));
#2354 = DIRECTION('',(-0.980580675691,-0.196116135138,0.));
#2355 = DIRECTION('',(-0.196116135138,0.980580675691,0.));
#2356 = ADVANCED_FACE('',(#2357),#2368,.T.);
#2357 = FACE_BOUND('',#2358,.T.);
#2358 = EDGE_LOOP('',(#2359,#2360,#2361));
#2359 = ORIENTED_EDGE('',*,*,#683,.F.);
#2360 = ORIENTED_EDGE('',*,*,#731,.T.);
#2361 = ORIENTED_EDGE('',*,*,#2362,.F.);
#2362 = EDGE_CURVE('',#684,#732,#2363,.T.);
#2363 = CIRCLE('',#2364,1.);
#2364 = AXIS2_PLACEMENT_3D('',#2365,#2366,#2367);
#2365 = CARTESIAN_POINT('',(13.180196097281,26.5,1.));
#2366 = DIRECTION('',(0.,-0.,1.));
#2367 = DIRECTION('',(0.980580675691,0.196116135138,0.));
#2368 = SPHERICAL_SURFACE('',#2369,1.);
#2369 = AXIS2_PLACEMENT_3D('',#2370,#2371,#2372);
#2370 = CARTESIAN_POINT('',(13.180196097281,26.5,1.));
#2371 = DIRECTION('',(0.,0.,1.));
#2372 = DIRECTION('',(0.980580675691,0.196116135138,0.));
#2373 = ADVANCED_FACE('',(#2374),#2392,.F.);
#2374 = FACE_BOUND('',#2375,.F.);
#2375 = EDGE_LOOP('',(#2376,#2377,#2378,#2386));
#2376 = ORIENTED_EDGE('',*,*,#860,.F.);
#2377 = ORIENTED_EDGE('',*,*,#750,.F.);
#2378 = ORIENTED_EDGE('',*,*,#2379,.T.);
#2379 = EDGE_CURVE('',#732,#2380,#2382,.T.);
#2380 = VERTEX_POINT('',#2381);
#2381 = CARTESIAN_POINT('',(13.180196097281,27.5,3.));
#2382 = LINE('',#2383,#2384);
#2383 = CARTESIAN_POINT('',(13.180196097281,27.5,0.));
#2384 = VECTOR('',#2385,1.);
#2385 = DIRECTION('',(0.,0.,1.));
#2386 = ORIENTED_EDGE('',*,*,#2387,.T.);
#2387 = EDGE_CURVE('',#2380,#861,#2388,.T.);
#2388 = LINE('',#2389,#2390);
#2389 = CARTESIAN_POINT('',(14.,27.5,3.));
#2390 = VECTOR('',#2391,1.);
#2391 = DIRECTION('',(-1.,0.,0.));
#2392 = PLANE('',#2393);
#2393 = AXIS2_PLACEMENT_3D('',#2394,#2395,#2396);
#2394 = CARTESIAN_POINT('',(14.,27.5,0.));
#2395 = DIRECTION('',(0.,-1.,0.));
#2396 = DIRECTION('',(-1.,0.,0.));
#2397 = ADVANCED_FACE('',(#2398),#2416,.F.);
#2398 = FACE_BOUND('',#2399,.T.);
#2399 = EDGE_LOOP('',(#2400,#2401,#2409,#2415));
#2400 = ORIENTED_EDGE('',*,*,#1783,.F.);
#2401 = ORIENTED_EDGE('',*,*,#2402,.T.);
#2402 = EDGE_CURVE('',#1679,#2403,#2405,.T.);
#2403 = VERTEX_POINT('',#2404);
#2404 = CARTESIAN_POINT('',(-14.83922322702,-23.30388386486,3.));
#2405 = LINE('',#2406,#2407);
#2406 = CARTESIAN_POINT('',(-14.83922322702,-23.30388386486,0.));
#2407 = VECTOR('',#2408,1.);
#2408 = DIRECTION('',(0.,0.,1.));
#2409 = ORIENTED_EDGE('',*,*,#2410,.F.);
#2410 = EDGE_CURVE('',#834,#2403,#2411,.T.);
#2411 = ( BOUNDED_CURVE() B_SPLINE_CURVE(2,(#2412,#2413,#2414),
.UNSPECIFIED.,.F.,.F.) B_SPLINE_CURVE_WITH_KNOTS((3,3),(0.,
1.570796326795),.PIECEWISE_BEZIER_KNOTS.) CURVE() 
GEOMETRIC_REPRESENTATION_ITEM() RATIONAL_B_SPLINE_CURVE((1.,
0.773342141338,1.)) REPRESENTATION_ITEM('') );
#2412 = CARTESIAN_POINT('',(-15.81980390271,-22.5,3.));
#2413 = CARTESIAN_POINT('',(-15.,-22.5,3.));
#2414 = CARTESIAN_POINT('',(-14.83922322702,-23.30388386486,3.));
#2415 = ORIENTED_EDGE('',*,*,#846,.F.);
#2416 = CYLINDRICAL_SURFACE('',#2417,1.);
#2417 = AXIS2_PLACEMENT_3D('',#2418,#2419,#2420);
#2418 = CARTESIAN_POINT('',(-15.81980390271,-23.5,0.));
#2419 = DIRECTION('',(0.,0.,1.));
#2420 = DIRECTION('',(0.,1.,0.));
#2421 = ADVANCED_FACE('',(#2422),#2445,.T.);
#2422 = FACE_BOUND('',#2423,.T.);
#2423 = EDGE_LOOP('',(#2424,#2425,#2426,#2439));
#2424 = ORIENTED_EDGE('',*,*,#833,.F.);
#2425 = ORIENTED_EDGE('',*,*,#2410,.T.);
#2426 = ORIENTED_EDGE('',*,*,#2427,.T.);
#2427 = EDGE_CURVE('',#2403,#2428,#2430,.T.);
#2428 = VERTEX_POINT('',#2429);
#2429 = CARTESIAN_POINT('',(-13.78019609728,-23.5,4.));
#2430 = ( BOUNDED_CURVE() B_SPLINE_CURVE(7,(#2431,#2432,#2433,#2434,
    #2435,#2436,#2437,#2438),.UNSPECIFIED.,.F.,.F.) 
B_SPLINE_CURVE_WITH_KNOTS((8,8),(0.,1.570796326795),
.PIECEWISE_BEZIER_KNOTS.) CURVE() GEOMETRIC_REPRESENTATION_ITEM() 
RATIONAL_B_SPLINE_CURVE((1.,1.,1.,1.,1.,1.,1.,1.)) REPRESENTATION_ITEM(
  '') );
#2431 = CARTESIAN_POINT('',(-14.83922322702,-23.30388386486,3.));
#2432 = CARTESIAN_POINT('',(-14.83922322702,-23.30388386486,
    3.237645132197));
#2433 = CARTESIAN_POINT('',(-14.76964080976,-23.31671181933,
    3.475246789343));
#2434 = CARTESIAN_POINT('',(-14.62915490116,-23.3425265636,
    3.686583136504));
#2435 = CARTESIAN_POINT('',(-14.44034617794,-23.37769895677,
    3.842641080485));
#2436 = CARTESIAN_POINT('',(-14.22914266579,-23.41686296962,
    3.947656682502));
#2437 = CARTESIAN_POINT('',(-14.00459557253,-23.45844454161,4.));
#2438 = CARTESIAN_POINT('',(-13.78019609728,-23.5,4.));
#2439 = ORIENTED_EDGE('',*,*,#2440,.F.);
#2440 = EDGE_CURVE('',#826,#2428,#2441,.T.);
#2441 = ( BOUNDED_CURVE() B_SPLINE_CURVE(2,(#2442,#2443,#2444),
.UNSPECIFIED.,.F.,.F.) B_SPLINE_CURVE_WITH_KNOTS((3,3),(0.,
1.570796326795),.PIECEWISE_BEZIER_KNOTS.) CURVE() 
GEOMETRIC_REPRESENTATION_ITEM() RATIONAL_B_SPLINE_CURVE((1.,
0.707106781187,1.)) REPRESENTATION_ITEM('') );
#2442 = CARTESIAN_POINT('',(-13.78019609728,-22.5,5.));
#2443 = CARTESIAN_POINT('',(-13.78019609728,-22.5,4.));
#2444 = CARTESIAN_POINT('',(-13.78019609728,-23.5,4.));
#2445 = ( BOUNDED_SURFACE() B_SPLINE_SURFACE(2,7,(
    (#2446,#2447,#2448,#2449,#2450,#2451,#2452,#2453)
    ,(#2454,#2455,#2456,#2457,#2458,#2459,#2460,#2461)
    ,(#2462,#2463,#2464,#2465,#2466,#2467,#2468,#2469
)),.UNSPECIFIED.,.F.,.F.,.F.) B_SPLINE_SURFACE_WITH_KNOTS((3,3),(8,8),(
    0.,1.570796326795),(0.,1.570796326795),.PIECEWISE_BEZIER_KNOTS.) 
GEOMETRIC_REPRESENTATION_ITEM() RATIONAL_B_SPLINE_SURFACE((
    (1.,1.,1.,1.,1.,1.,1.,1.)
    ,(0.773342141338,0.773342141338,0.769193147289,0.760858920793
      ,0.749319619387,0.736141496402,0.721798854395,0.707106781187)
,(1.,1.,1.,1.,1.,1.,1.,1.))) REPRESENTATION_ITEM('') SURFACE() );
#2446 = CARTESIAN_POINT('',(-15.81980390271,-22.5,3.));
#2447 = CARTESIAN_POINT('',(-15.81980390271,-22.5,3.457686921269));
#2448 = CARTESIAN_POINT('',(-15.69510864668,-22.5,3.915332715558));
#2449 = CARTESIAN_POINT('',(-15.44496266976,-22.5,4.330972200283));
#2450 = CARTESIAN_POINT('',(-15.09339877301,-22.5,4.660502613789));
#2451 = CARTESIAN_POINT('',(-14.67788701083,-22.5,4.88686400226));
#2452 = CARTESIAN_POINT('',(-14.22899504779,-22.5,5.));
#2453 = CARTESIAN_POINT('',(-13.78019609728,-22.5,5.));
#2454 = CARTESIAN_POINT('',(-15.,-22.5,3.));
#2455 = CARTESIAN_POINT('',(-15.,-22.5,3.273723355686));
#2456 = CARTESIAN_POINT('',(-14.91220780365,-22.5,3.550301506617));
#2457 = CARTESIAN_POINT('',(-14.73172598937,-22.5,3.790835275775));
#2458 = CARTESIAN_POINT('',(-14.49281201783,-22.5,3.947191364163));
#2459 = CARTESIAN_POINT('',(-14.24290839638,-22.5,4.027618194227));
#2460 = CARTESIAN_POINT('',(-14.00002796551,-22.5,4.040709605228));
#2461 = CARTESIAN_POINT('',(-13.78019609728,-22.5,4.));
#2462 = CARTESIAN_POINT('',(-14.83922322702,-23.30388386486,3.));
#2463 = CARTESIAN_POINT('',(-14.83922322702,-23.30388386486,
    3.237645132197));
#2464 = CARTESIAN_POINT('',(-14.76964080976,-23.31671181933,
    3.475246789343));
#2465 = CARTESIAN_POINT('',(-14.62915490116,-23.3425265636,
    3.686583136504));
#2466 = CARTESIAN_POINT('',(-14.44034617794,-23.37769895677,
    3.842641080485));
#2467 = CARTESIAN_POINT('',(-14.22914266579,-23.41686296962,
    3.947656682502));
#2468 = CARTESIAN_POINT('',(-14.00459557253,-23.45844454161,4.));
#2469 = CARTESIAN_POINT('',(-13.78019609728,-23.5,4.));
#2470 = ADVANCED_FACE('',(#2471),#2482,.F.);
#2471 = FACE_BOUND('',#2472,.F.);
#2472 = EDGE_LOOP('',(#2473,#2474,#2480,#2481));
#2473 = ORIENTED_EDGE('',*,*,#1551,.T.);
#2474 = ORIENTED_EDGE('',*,*,#2475,.T.);
#2475 = EDGE_CURVE('',#1552,#2428,#2476,.T.);
#2476 = LINE('',#2477,#2478);
#2477 = CARTESIAN_POINT('',(-11.,-23.5,4.));
#2478 = VECTOR('',#2479,1.);
#2479 = DIRECTION('',(-1.,0.,0.));
#2480 = ORIENTED_EDGE('',*,*,#2440,.F.);
#2481 = ORIENTED_EDGE('',*,*,#825,.F.);
#2482 = CYLINDRICAL_SURFACE('',#2483,1.);
#2483 = AXIS2_PLACEMENT_3D('',#2484,#2485,#2486);
#2484 = CARTESIAN_POINT('',(-11.,-23.5,5.));
#2485 = DIRECTION('',(-1.,0.,0.));
#2486 = DIRECTION('',(0.,1.,0.));
#2487 = ADVANCED_FACE('',(#2488),#2506,.F.);
#2488 = FACE_BOUND('',#2489,.F.);
#2489 = EDGE_LOOP('',(#2490,#2491,#2499,#2505));
#2490 = ORIENTED_EDGE('',*,*,#943,.F.);
#2491 = ORIENTED_EDGE('',*,*,#2492,.T.);
#2492 = EDGE_CURVE('',#931,#2493,#2495,.T.);
#2493 = VERTEX_POINT('',#2494);
#2494 = CARTESIAN_POINT('',(14.839223227028,-23.30388386486,3.));
#2495 = LINE('',#2496,#2497);
#2496 = CARTESIAN_POINT('',(14.839223227028,-23.30388386486,0.));
#2497 = VECTOR('',#2498,1.);
#2498 = DIRECTION('',(0.,0.,1.));
#2499 = ORIENTED_EDGE('',*,*,#2500,.F.);
#2500 = EDGE_CURVE('',#782,#2493,#2501,.T.);
#2501 = ( BOUNDED_CURVE() B_SPLINE_CURVE(2,(#2502,#2503,#2504),
.UNSPECIFIED.,.F.,.F.) B_SPLINE_CURVE_WITH_KNOTS((3,3),(0.,
1.570796326795),.PIECEWISE_BEZIER_KNOTS.) CURVE() 
GEOMETRIC_REPRESENTATION_ITEM() RATIONAL_B_SPLINE_CURVE((1.,
0.773342141338,1.)) REPRESENTATION_ITEM('') );
#2502 = CARTESIAN_POINT('',(15.819803902719,-22.5,3.));
#2503 = CARTESIAN_POINT('',(15.,-22.5,3.));
#2504 = CARTESIAN_POINT('',(14.839223227028,-23.30388386486,3.));
#2505 = ORIENTED_EDGE('',*,*,#781,.F.);
#2506 = CYLINDRICAL_SURFACE('',#2507,1.);
#2507 = AXIS2_PLACEMENT_3D('',#2508,#2509,#2510);
#2508 = CARTESIAN_POINT('',(15.819803902719,-23.5,0.));
#2509 = DIRECTION('',(0.,0.,1.));
#2510 = DIRECTION('',(0.,1.,0.));
#2511 = ADVANCED_FACE('',(#2512),#2535,.F.);
#2512 = FACE_BOUND('',#2513,.F.);
#2513 = EDGE_LOOP('',(#2514,#2515,#2528,#2534));
#2514 = ORIENTED_EDGE('',*,*,#2500,.T.);
#2515 = ORIENTED_EDGE('',*,*,#2516,.T.);
#2516 = EDGE_CURVE('',#2493,#2517,#2519,.T.);
#2517 = VERTEX_POINT('',#2518);
#2518 = CARTESIAN_POINT('',(13.780196097281,-23.5,4.));
#2519 = ( BOUNDED_CURVE() B_SPLINE_CURVE(7,(#2520,#2521,#2522,#2523,
    #2524,#2525,#2526,#2527),.UNSPECIFIED.,.F.,.F.) 
B_SPLINE_CURVE_WITH_KNOTS((8,8),(0.,1.570796326795),
.PIECEWISE_BEZIER_KNOTS.) CURVE() GEOMETRIC_REPRESENTATION_ITEM() 
RATIONAL_B_SPLINE_CURVE((1.,1.,1.,1.,1.,1.,1.,1.)) REPRESENTATION_ITEM(
  '') );
#2520 = CARTESIAN_POINT('',(14.839223227028,-23.30388386486,3.));
#2521 = CARTESIAN_POINT('',(14.839223227028,-23.30388386486,
    3.237645132197));
#2522 = CARTESIAN_POINT('',(14.769640809764,-23.31671181933,
    3.475246789343));
#2523 = CARTESIAN_POINT('',(14.629154901163,-23.3425265636,
    3.686583136504));
#2524 = CARTESIAN_POINT('',(14.44034617794,-23.37769895677,
    3.842641080485));
#2525 = CARTESIAN_POINT('',(14.229142665797,-23.41686296962,
    3.947656682502));
#2526 = CARTESIAN_POINT('',(14.004595572538,-23.45844454161,4.));
#2527 = CARTESIAN_POINT('',(13.780196097281,-23.5,4.));
#2528 = ORIENTED_EDGE('',*,*,#2529,.F.);
#2529 = EDGE_CURVE('',#790,#2517,#2530,.T.);
#2530 = ( BOUNDED_CURVE() B_SPLINE_CURVE(2,(#2531,#2532,#2533),
.UNSPECIFIED.,.F.,.F.) B_SPLINE_CURVE_WITH_KNOTS((3,3),(0.,
1.570796326795),.PIECEWISE_BEZIER_KNOTS.) CURVE() 
GEOMETRIC_REPRESENTATION_ITEM() RATIONAL_B_SPLINE_CURVE((1.,
0.707106781187,1.)) REPRESENTATION_ITEM('') );
#2531 = CARTESIAN_POINT('',(13.780196097281,-22.5,5.));
#2532 = CARTESIAN_POINT('',(13.780196097281,-22.5,4.));
#2533 = CARTESIAN_POINT('',(13.780196097281,-23.5,4.));
#2534 = ORIENTED_EDGE('',*,*,#789,.F.);
#2535 = ( BOUNDED_SURFACE() B_SPLINE_SURFACE(2,7,(
    (#2536,#2537,#2538,#2539,#2540,#2541,#2542,#2543)
    ,(#2544,#2545,#2546,#2547,#2548,#2549,#2550,#2551)
    ,(#2552,#2553,#2554,#2555,#2556,#2557,#2558,#2559
)),.UNSPECIFIED.,.F.,.F.,.F.) B_SPLINE_SURFACE_WITH_KNOTS((3,3),(8,8),(
    0.,1.570796326795),(0.,1.570796326795),.PIECEWISE_BEZIER_KNOTS.) 
GEOMETRIC_REPRESENTATION_ITEM() RATIONAL_B_SPLINE_SURFACE((
    (1.,1.,1.,1.,1.,1.,1.,1.)
    ,(0.773342141338,0.773342141338,0.769193147289,0.760858920793
      ,0.749319619387,0.736141496402,0.721798854395,0.707106781187)
,(1.,1.,1.,1.,1.,1.,1.,1.))) REPRESENTATION_ITEM('') SURFACE() );
#2536 = CARTESIAN_POINT('',(15.819803902719,-22.5,3.));
#2537 = CARTESIAN_POINT('',(15.819803902719,-22.5,3.457686921269));
#2538 = CARTESIAN_POINT('',(15.695108646686,-22.5,3.915332715558));
#2539 = CARTESIAN_POINT('',(15.444962669765,-22.5,4.330972200283));
#2540 = CARTESIAN_POINT('',(15.093398773014,-22.5,4.660502613789));
#2541 = CARTESIAN_POINT('',(14.677887010833,-22.5,4.88686400226));
#2542 = CARTESIAN_POINT('',(14.228995047794,-22.5,5.));
#2543 = CARTESIAN_POINT('',(13.780196097281,-22.5,5.));
#2544 = CARTESIAN_POINT('',(15.,-22.5,3.));
#2545 = CARTESIAN_POINT('',(15.,-22.5,3.273723355686));
#2546 = CARTESIAN_POINT('',(14.912207803651,-22.5,3.550301506617));
#2547 = CARTESIAN_POINT('',(14.731725989371,-22.5,3.790835275775));
#2548 = CARTESIAN_POINT('',(14.49281201783,-22.5,3.947191364163));
#2549 = CARTESIAN_POINT('',(14.242908396381,-22.5,4.027618194227));
#2550 = CARTESIAN_POINT('',(14.000027965512,-22.5,4.040709605228));
#2551 = CARTESIAN_POINT('',(13.780196097281,-22.5,4.));
#2552 = CARTESIAN_POINT('',(14.839223227028,-23.30388386486,3.));
#2553 = CARTESIAN_POINT('',(14.839223227028,-23.30388386486,
    3.237645132197));
#2554 = CARTESIAN_POINT('',(14.769640809764,-23.31671181933,
    3.475246789343));
#2555 = CARTESIAN_POINT('',(14.629154901163,-23.3425265636,
    3.686583136504));
#2556 = CARTESIAN_POINT('',(14.44034617794,-23.37769895677,
    3.842641080485));
#2557 = CARTESIAN_POINT('',(14.229142665797,-23.41686296962,
    3.947656682502));
#2558 = CARTESIAN_POINT('',(14.004595572538,-23.45844454161,4.));
#2559 = CARTESIAN_POINT('',(13.780196097281,-23.5,4.));
#2560 = ADVANCED_FACE('',(#2561),#2572,.F.);
#2561 = FACE_BOUND('',#2562,.T.);
#2562 = EDGE_LOOP('',(#2563,#2564,#2570,#2571));
#2563 = ORIENTED_EDGE('',*,*,#1299,.T.);
#2564 = ORIENTED_EDGE('',*,*,#2565,.T.);
#2565 = EDGE_CURVE('',#1292,#2517,#2566,.T.);
#2566 = LINE('',#2567,#2568);
#2567 = CARTESIAN_POINT('',(11.,-23.5,4.));
#2568 = VECTOR('',#2569,1.);
#2569 = DIRECTION('',(1.,0.,0.));
#2570 = ORIENTED_EDGE('',*,*,#2529,.F.);
#2571 = ORIENTED_EDGE('',*,*,#802,.F.);
#2572 = CYLINDRICAL_SURFACE('',#2573,1.);
#2573 = AXIS2_PLACEMENT_3D('',#2574,#2575,#2576);
#2574 = CARTESIAN_POINT('',(11.,-23.5,5.));
#2575 = DIRECTION('',(1.,0.,0.));
#2576 = DIRECTION('',(0.,1.,0.));
#2577 = ADVANCED_FACE('',(#2578),#2597,.T.);
#2578 = FACE_BOUND('',#2579,.T.);
#2579 = EDGE_LOOP('',(#2580,#2589,#2590,#2591));
#2580 = ORIENTED_EDGE('',*,*,#2581,.T.);
#2581 = EDGE_CURVE('',#2582,#2380,#2584,.T.);
#2582 = VERTEX_POINT('',#2583);
#2583 = CARTESIAN_POINT('',(13.180196097281,26.5,4.));
#2584 = CIRCLE('',#2585,1.);
#2585 = AXIS2_PLACEMENT_3D('',#2586,#2587,#2588);
#2586 = CARTESIAN_POINT('',(13.180196097281,26.5,3.));
#2587 = DIRECTION('',(-1.,1.110223024625E-16,0.));
#2588 = DIRECTION('',(1.110223024625E-16,1.,0.));
#2589 = ORIENTED_EDGE('',*,*,#2387,.T.);
#2590 = ORIENTED_EDGE('',*,*,#868,.F.);
#2591 = ORIENTED_EDGE('',*,*,#2592,.F.);
#2592 = EDGE_CURVE('',#2582,#869,#2593,.T.);
#2593 = LINE('',#2594,#2595);
#2594 = CARTESIAN_POINT('',(14.,26.5,4.));
#2595 = VECTOR('',#2596,1.);
#2596 = DIRECTION('',(-1.,0.,0.));
#2597 = CYLINDRICAL_SURFACE('',#2598,1.);
#2598 = AXIS2_PLACEMENT_3D('',#2599,#2600,#2601);
#2599 = CARTESIAN_POINT('',(14.,26.5,3.));
#2600 = DIRECTION('',(-1.,0.,0.));
#2601 = DIRECTION('',(0.,0.,1.));
#2602 = ADVANCED_FACE('',(#2603),#2614,.T.);
#2603 = FACE_BOUND('',#2604,.T.);
#2604 = EDGE_LOOP('',(#2605,#2606,#2607,#2613));
#2605 = ORIENTED_EDGE('',*,*,#877,.T.);
#2606 = ORIENTED_EDGE('',*,*,#2085,.T.);
#2607 = ORIENTED_EDGE('',*,*,#2608,.T.);
#2608 = EDGE_CURVE('',#2037,#2582,#2609,.T.);
#2609 = LINE('',#2610,#2611);
#2610 = CARTESIAN_POINT('',(14.019419324309,22.303883864862,4.));
#2611 = VECTOR('',#2612,1.);
#2612 = DIRECTION('',(-0.196116135138,0.980580675691,0.));
#2613 = ORIENTED_EDGE('',*,*,#2592,.T.);
#2614 = PLANE('',#2615);
#2615 = AXIS2_PLACEMENT_3D('',#2616,#2617,#2618);
#2616 = CARTESIAN_POINT('',(0.504355293144,0.981243246214,4.));
#2617 = DIRECTION('',(0.,0.,1.));
#2618 = DIRECTION('',(1.,0.,0.));
#2619 = ADVANCED_FACE('',(#2620),#2645,.T.);
#2620 = FACE_BOUND('',#2621,.T.);
#2621 = EDGE_LOOP('',(#2622,#2623,#2629,#2630,#2639));
#2622 = ORIENTED_EDGE('',*,*,#897,.F.);
#2623 = ORIENTED_EDGE('',*,*,#2624,.T.);
#2624 = EDGE_CURVE('',#898,#2322,#2625,.T.);
#2625 = LINE('',#2626,#2627);
#2626 = CARTESIAN_POINT('',(11.,26.20710678119,2.707106781183));
#2627 = VECTOR('',#2628,1.);
#2628 = DIRECTION('',(1.,0.,0.));
#2629 = ORIENTED_EDGE('',*,*,#2330,.F.);
#2630 = ORIENTED_EDGE('',*,*,#2631,.T.);
#2631 = EDGE_CURVE('',#2331,#2632,#2634,.T.);
#2632 = VERTEX_POINT('',#2633);
#2633 = CARTESIAN_POINT('',(14.308400929059,25.5,3.414213562374));
#2634 = ELLIPSE('',#2635,1.442220510186,1.);
#2635 = AXIS2_PLACEMENT_3D('',#2636,#2637,#2638);
#2636 = CARTESIAN_POINT('',(13.297353384807,25.914213562374,3.));
#2637 = DIRECTION('',(0.,-0.707106781186,-0.707106781187));
#2638 = DIRECTION('',(-0.272165526976,0.68041381744,-0.68041381744));
#2639 = ORIENTED_EDGE('',*,*,#2640,.F.);
#2640 = EDGE_CURVE('',#900,#2632,#2641,.T.);
#2641 = LINE('',#2642,#2643);
#2642 = CARTESIAN_POINT('',(11.,25.5,3.414213562374));
#2643 = VECTOR('',#2644,1.);
#2644 = DIRECTION('',(1.,0.,0.));
#2645 = PLANE('',#2646);
#2646 = AXIS2_PLACEMENT_3D('',#2647,#2648,#2649);
#2647 = CARTESIAN_POINT('',(11.,26.20710678119,2.707106781184));
#2648 = DIRECTION('',(0.,-0.707106781186,-0.707106781187));
#2649 = DIRECTION('',(0.,-0.707106781187,0.707106781186));
#2650 = ADVANCED_FACE('',(#2651),#2669,.T.);
#2651 = FACE_BOUND('',#2652,.T.);
#2652 = EDGE_LOOP('',(#2653,#2654,#2655,#2662,#2663));
#2653 = ORIENTED_EDGE('',*,*,#916,.F.);
#2654 = ORIENTED_EDGE('',*,*,#2640,.T.);
#2655 = ORIENTED_EDGE('',*,*,#2656,.T.);
#2656 = EDGE_CURVE('',#2632,#2290,#2657,.T.);
#2657 = ELLIPSE('',#2658,1.442220510187,1.);
#2658 = AXIS2_PLACEMENT_3D('',#2659,#2660,#2661);
#2659 = CARTESIAN_POINT('',(13.463038809756,25.085786437625,3.));
#2660 = DIRECTION('',(2.775557561563E-17,0.707106781186,-0.707106781187)
  );
#2661 = DIRECTION('',(-0.272165526976,0.680413817441,0.680413817439));
#2662 = ORIENTED_EDGE('',*,*,#2297,.F.);
#2663 = ORIENTED_EDGE('',*,*,#2664,.F.);
#2664 = EDGE_CURVE('',#908,#2298,#2665,.T.);
#2665 = LINE('',#2666,#2667);
#2666 = CARTESIAN_POINT('',(11.,24.792893218808,2.707106781182));
#2667 = VECTOR('',#2668,1.);
#2668 = DIRECTION('',(1.,0.,0.));
#2669 = PLANE('',#2670);
#2670 = AXIS2_PLACEMENT_3D('',#2671,#2672,#2673);
#2671 = CARTESIAN_POINT('',(11.,25.5,3.414213562374));
#2672 = DIRECTION('',(0.,0.707106781186,-0.707106781187));
#2673 = DIRECTION('',(0.,-0.707106781187,-0.707106781186));
#2674 = ADVANCED_FACE('',(#2675),#2682,.F.);
#2675 = FACE_BOUND('',#2676,.F.);
#2676 = EDGE_LOOP('',(#2677,#2678,#2679,#2680,#2681));
#2677 = ORIENTED_EDGE('',*,*,#907,.F.);
#2678 = ORIENTED_EDGE('',*,*,#2624,.T.);
#2679 = ORIENTED_EDGE('',*,*,#2321,.T.);
#2680 = ORIENTED_EDGE('',*,*,#2305,.T.);
#2681 = ORIENTED_EDGE('',*,*,#2664,.F.);
#2682 = CYLINDRICAL_SURFACE('',#2683,1.);
#2683 = AXIS2_PLACEMENT_3D('',#2684,#2685,#2686);
#2684 = CARTESIAN_POINT('',(11.,25.5,2.));
#2685 = DIRECTION('',(-1.,0.,0.));
#2686 = DIRECTION('',(0.,-1.,0.));
#2687 = ADVANCED_FACE('',(#2688),#2715,.F.);
#2688 = FACE_BOUND('',#2689,.T.);
#2689 = EDGE_LOOP('',(#2690,#2691,#2692,#2700,#2708));
#2690 = ORIENTED_EDGE('',*,*,#1104,.F.);
#2691 = ORIENTED_EDGE('',*,*,#2492,.T.);
#2692 = ORIENTED_EDGE('',*,*,#2693,.T.);
#2693 = EDGE_CURVE('',#2493,#2694,#2696,.T.);
#2694 = VERTEX_POINT('',#2695);
#2695 = CARTESIAN_POINT('',(14.482842712475,-25.08578643762,3.));
#2696 = LINE('',#2697,#2698);
#2697 = CARTESIAN_POINT('',(15.,-22.5,3.));
#2698 = VECTOR('',#2699,1.);
#2699 = DIRECTION('',(-0.196116135138,-0.980580675691,-0.));
#2700 = ORIENTED_EDGE('',*,*,#2701,.F.);
#2701 = EDGE_CURVE('',#2702,#2694,#2704,.T.);
#2702 = VERTEX_POINT('',#2703);
#2703 = CARTESIAN_POINT('',(14.541421356238,-24.7928932188,
    2.707106781182));
#2704 = LINE('',#2705,#2706);
#2705 = CARTESIAN_POINT('',(14.686971253058,-24.06514373471,
    1.979357297088));
#2706 = VECTOR('',#2707,1.);
#2707 = DIRECTION('',(-0.140028008403,-0.700140042015,0.700140042013));
#2708 = ORIENTED_EDGE('',*,*,#2709,.F.);
#2709 = EDGE_CURVE('',#1105,#2702,#2710,.T.);
#2710 = ELLIPSE('',#2711,1.019803902719,1.);
#2711 = AXIS2_PLACEMENT_3D('',#2712,#2713,#2714);
#2712 = CARTESIAN_POINT('',(14.4,-25.5,2.));
#2713 = DIRECTION('',(0.980580675691,-0.196116135138,0.));
#2714 = DIRECTION('',(-0.196116135138,-0.980580675691,-0.));
#2715 = PLANE('',#2716);
#2716 = AXIS2_PLACEMENT_3D('',#2717,#2718,#2719);
#2717 = CARTESIAN_POINT('',(15.,-22.5,0.));
#2718 = DIRECTION('',(-0.980580675691,0.196116135138,0.));
#2719 = DIRECTION('',(0.196116135138,0.980580675691,0.));
#2720 = ADVANCED_FACE('',(#2721),#2755,.F.);
#2721 = FACE_BOUND('',#2722,.T.);
#2722 = EDGE_LOOP('',(#2723,#2724,#2733,#2741,#2749));
#2723 = ORIENTED_EDGE('',*,*,#1123,.F.);
#2724 = ORIENTED_EDGE('',*,*,#2725,.F.);
#2725 = EDGE_CURVE('',#2726,#1105,#2728,.T.);
#2726 = VERTEX_POINT('',#2727);
#2727 = CARTESIAN_POINT('',(14.258578643762,-26.20710678119,
    2.707106781183));
#2728 = ELLIPSE('',#2729,1.019803902719,1.);
#2729 = AXIS2_PLACEMENT_3D('',#2730,#2731,#2732);
#2730 = CARTESIAN_POINT('',(14.4,-25.5,2.));
#2731 = DIRECTION('',(0.980580675691,-0.196116135138,0.));
#2732 = DIRECTION('',(-0.196116135138,-0.980580675691,-0.));
#2733 = ORIENTED_EDGE('',*,*,#2734,.F.);
#2734 = EDGE_CURVE('',#2735,#2726,#2737,.T.);
#2735 = VERTEX_POINT('',#2736);
#2736 = CARTESIAN_POINT('',(14.317157287525,-25.91421356237,3.));
#2737 = LINE('',#2738,#2739);
#2738 = CARTESIAN_POINT('',(14.282920238983,-26.08539880508,
    2.828814757288));
#2739 = VECTOR('',#2740,1.);
#2740 = DIRECTION('',(-0.140028008403,-0.700140042014,-0.700140042014));
#2741 = ORIENTED_EDGE('',*,*,#2742,.T.);
#2742 = EDGE_CURVE('',#2735,#2743,#2745,.T.);
#2743 = VERTEX_POINT('',#2744);
#2744 = CARTESIAN_POINT('',(14.160776772972,-26.69611613513,3.));
#2745 = LINE('',#2746,#2747);
#2746 = CARTESIAN_POINT('',(15.,-22.5,3.));
#2747 = VECTOR('',#2748,1.);
#2748 = DIRECTION('',(-0.196116135138,-0.980580675691,-0.));
#2749 = ORIENTED_EDGE('',*,*,#2750,.F.);
#2750 = EDGE_CURVE('',#1115,#2743,#2751,.T.);
#2751 = LINE('',#2752,#2753);
#2752 = CARTESIAN_POINT('',(14.160776772972,-26.69611613513,0.));
#2753 = VECTOR('',#2754,1.);
#2754 = DIRECTION('',(0.,0.,1.));
#2755 = PLANE('',#2756);
#2756 = AXIS2_PLACEMENT_3D('',#2757,#2758,#2759);
#2757 = CARTESIAN_POINT('',(15.,-22.5,0.));
#2758 = DIRECTION('',(-0.980580675691,0.196116135138,0.));
#2759 = DIRECTION('',(0.196116135138,0.980580675691,0.));
#2760 = ADVANCED_FACE('',(#2761),#2772,.T.);
#2761 = FACE_BOUND('',#2762,.F.);
#2762 = EDGE_LOOP('',(#2763,#2764,#2765));
#2763 = ORIENTED_EDGE('',*,*,#1114,.F.);
#2764 = ORIENTED_EDGE('',*,*,#1215,.T.);
#2765 = ORIENTED_EDGE('',*,*,#2766,.F.);
#2766 = EDGE_CURVE('',#1115,#1216,#2767,.T.);
#2767 = CIRCLE('',#2768,1.);
#2768 = AXIS2_PLACEMENT_3D('',#2769,#2770,#2771);
#2769 = CARTESIAN_POINT('',(13.180196097281,-26.5,1.));
#2770 = DIRECTION('',(0.,0.,-1.));
#2771 = DIRECTION('',(0.980580675691,-0.196116135138,0.));
#2772 = SPHERICAL_SURFACE('',#2773,1.);
#2773 = AXIS2_PLACEMENT_3D('',#2774,#2775,#2776);
#2774 = CARTESIAN_POINT('',(13.180196097281,-26.5,1.));
#2775 = DIRECTION('',(0.,0.,1.));
#2776 = DIRECTION('',(0.980580675691,-0.196116135138,0.));
#2777 = ADVANCED_FACE('',(#2778),#2796,.F.);
#2778 = FACE_BOUND('',#2779,.T.);
#2779 = EDGE_LOOP('',(#2780,#2781,#2782,#2790));
#2780 = ORIENTED_EDGE('',*,*,#1148,.F.);
#2781 = ORIENTED_EDGE('',*,*,#1259,.F.);
#2782 = ORIENTED_EDGE('',*,*,#2783,.T.);
#2783 = EDGE_CURVE('',#1249,#2784,#2786,.T.);
#2784 = VERTEX_POINT('',#2785);
#2785 = CARTESIAN_POINT('',(-13.18019609728,27.5,3.));
#2786 = LINE('',#2787,#2788);
#2787 = CARTESIAN_POINT('',(-13.18019609728,27.5,0.));
#2788 = VECTOR('',#2789,1.);
#2789 = DIRECTION('',(0.,0.,1.));
#2790 = ORIENTED_EDGE('',*,*,#2791,.T.);
#2791 = EDGE_CURVE('',#2784,#1149,#2792,.T.);
#2792 = LINE('',#2793,#2794);
#2793 = CARTESIAN_POINT('',(-14.,27.5,3.));
#2794 = VECTOR('',#2795,1.);
#2795 = DIRECTION('',(1.,0.,0.));
#2796 = PLANE('',#2797);
#2797 = AXIS2_PLACEMENT_3D('',#2798,#2799,#2800);
#2798 = CARTESIAN_POINT('',(-14.,27.5,0.));
#2799 = DIRECTION('',(-0.,-1.,-0.));
#2800 = DIRECTION('',(-1.,-0.,-0.));
#2801 = ADVANCED_FACE('',(#2802),#2821,.T.);
#2802 = FACE_BOUND('',#2803,.F.);
#2803 = EDGE_LOOP('',(#2804,#2813,#2814,#2815));
#2804 = ORIENTED_EDGE('',*,*,#2805,.T.);
#2805 = EDGE_CURVE('',#2806,#2784,#2808,.T.);
#2806 = VERTEX_POINT('',#2807);
#2807 = CARTESIAN_POINT('',(-13.18019609728,26.5,4.));
#2808 = CIRCLE('',#2809,1.);
#2809 = AXIS2_PLACEMENT_3D('',#2810,#2811,#2812);
#2810 = CARTESIAN_POINT('',(-13.18019609728,26.5,3.));
#2811 = DIRECTION('',(-1.,-1.110223024625E-16,-0.));
#2812 = DIRECTION('',(-1.110223024625E-16,1.,0.));
#2813 = ORIENTED_EDGE('',*,*,#2791,.T.);
#2814 = ORIENTED_EDGE('',*,*,#1156,.F.);
#2815 = ORIENTED_EDGE('',*,*,#2816,.F.);
#2816 = EDGE_CURVE('',#2806,#1157,#2817,.T.);
#2817 = LINE('',#2818,#2819);
#2818 = CARTESIAN_POINT('',(-14.,26.5,4.));
#2819 = VECTOR('',#2820,1.);
#2820 = DIRECTION('',(1.,0.,0.));
#2821 = CYLINDRICAL_SURFACE('',#2822,1.);
#2822 = AXIS2_PLACEMENT_3D('',#2823,#2824,#2825);
#2823 = CARTESIAN_POINT('',(-14.,26.5,3.));
#2824 = DIRECTION('',(1.,0.,0.));
#2825 = DIRECTION('',(0.,0.,1.));
#2826 = ADVANCED_FACE('',(#2827),#2838,.T.);
#2827 = FACE_BOUND('',#2828,.F.);
#2828 = EDGE_LOOP('',(#2829,#2830,#2836,#2837));
#2829 = ORIENTED_EDGE('',*,*,#2175,.T.);
#2830 = ORIENTED_EDGE('',*,*,#2831,.T.);
#2831 = EDGE_CURVE('',#2127,#2806,#2832,.T.);
#2832 = LINE('',#2833,#2834);
#2833 = CARTESIAN_POINT('',(-14.0194193243,22.303883864862,4.));
#2834 = VECTOR('',#2835,1.);
#2835 = DIRECTION('',(0.196116135138,0.980580675691,0.));
#2836 = ORIENTED_EDGE('',*,*,#2816,.T.);
#2837 = ORIENTED_EDGE('',*,*,#1165,.T.);
#2838 = PLANE('',#2839);
#2839 = AXIS2_PLACEMENT_3D('',#2840,#2841,#2842);
#2840 = CARTESIAN_POINT('',(-0.504355293144,0.981243246214,4.));
#2841 = DIRECTION('',(0.,0.,1.));
#2842 = DIRECTION('',(1.,0.,0.));
#2843 = ADVANCED_FACE('',(#2844),#2878,.T.);
#2844 = FACE_BOUND('',#2845,.F.);
#2845 = EDGE_LOOP('',(#2846,#2847,#2855,#2863,#2872));
#2846 = ORIENTED_EDGE('',*,*,#1182,.F.);
#2847 = ORIENTED_EDGE('',*,*,#2848,.T.);
#2848 = EDGE_CURVE('',#1183,#2849,#2851,.T.);
#2849 = VERTEX_POINT('',#2850);
#2850 = CARTESIAN_POINT('',(-14.25857864376,26.20710678119,
    2.707106781183));
#2851 = LINE('',#2852,#2853);
#2852 = CARTESIAN_POINT('',(-11.,26.20710678119,2.707106781183));
#2853 = VECTOR('',#2854,1.);
#2854 = DIRECTION('',(-1.,-0.,-0.));
#2855 = ORIENTED_EDGE('',*,*,#2856,.F.);
#2856 = EDGE_CURVE('',#2857,#2849,#2859,.T.);
#2857 = VERTEX_POINT('',#2858);
#2858 = CARTESIAN_POINT('',(-14.31715728752,25.914213562374,3.));
#2859 = LINE('',#2860,#2861);
#2860 = CARTESIAN_POINT('',(-14.28292023898,26.085398805087,
    2.828814757288));
#2861 = VECTOR('',#2862,1.);
#2862 = DIRECTION('',(0.140028008403,0.700140042014,-0.700140042014));
#2863 = ORIENTED_EDGE('',*,*,#2864,.F.);
#2864 = EDGE_CURVE('',#2865,#2857,#2867,.T.);
#2865 = VERTEX_POINT('',#2866);
#2866 = CARTESIAN_POINT('',(-14.30840092905,25.5,3.414213562374));
#2867 = ELLIPSE('',#2868,1.442220510186,1.);
#2868 = AXIS2_PLACEMENT_3D('',#2869,#2870,#2871);
#2869 = CARTESIAN_POINT('',(-13.2973533848,25.914213562374,3.));
#2870 = DIRECTION('',(0.,-0.707106781186,-0.707106781187));
#2871 = DIRECTION('',(0.272165526976,0.68041381744,-0.68041381744));
#2872 = ORIENTED_EDGE('',*,*,#2873,.F.);
#2873 = EDGE_CURVE('',#1185,#2865,#2874,.T.);
#2874 = LINE('',#2875,#2876);
#2875 = CARTESIAN_POINT('',(-11.,25.5,3.414213562374));
#2876 = VECTOR('',#2877,1.);
#2877 = DIRECTION('',(-1.,-0.,-0.));
#2878 = PLANE('',#2879);
#2879 = AXIS2_PLACEMENT_3D('',#2880,#2881,#2882);
#2880 = CARTESIAN_POINT('',(-11.,26.20710678119,2.707106781184));
#2881 = DIRECTION('',(-0.,-0.707106781186,-0.707106781187));
#2882 = DIRECTION('',(0.,0.707106781187,-0.707106781186));
#2883 = ADVANCED_FACE('',(#2884),#2910,.F.);
#2884 = FACE_BOUND('',#2885,.T.);
#2885 = EDGE_LOOP('',(#2886,#2887,#2888,#2895,#2904));
#2886 = ORIENTED_EDGE('',*,*,#1192,.F.);
#2887 = ORIENTED_EDGE('',*,*,#2848,.T.);
#2888 = ORIENTED_EDGE('',*,*,#2889,.T.);
#2889 = EDGE_CURVE('',#2849,#1346,#2890,.T.);
#2890 = ELLIPSE('',#2891,1.019803902719,1.);
#2891 = AXIS2_PLACEMENT_3D('',#2892,#2893,#2894);
#2892 = CARTESIAN_POINT('',(-14.4,25.5,2.));
#2893 = DIRECTION('',(-0.980580675691,0.196116135138,0.));
#2894 = DIRECTION('',(0.196116135138,0.980580675691,0.));
#2895 = ORIENTED_EDGE('',*,*,#2896,.T.);
#2896 = EDGE_CURVE('',#1346,#2897,#2899,.T.);
#2897 = VERTEX_POINT('',#2898);
#2898 = CARTESIAN_POINT('',(-14.54142135623,24.792893218808,
    2.707106781182));
#2899 = ELLIPSE('',#2900,1.019803902719,1.);
#2900 = AXIS2_PLACEMENT_3D('',#2901,#2902,#2903);
#2901 = CARTESIAN_POINT('',(-14.4,25.5,2.));
#2902 = DIRECTION('',(-0.980580675691,0.196116135138,0.));
#2903 = DIRECTION('',(0.196116135138,0.980580675691,0.));
#2904 = ORIENTED_EDGE('',*,*,#2905,.F.);
#2905 = EDGE_CURVE('',#1193,#2897,#2906,.T.);
#2906 = LINE('',#2907,#2908);
#2907 = CARTESIAN_POINT('',(-11.,24.792893218808,2.707106781182));
#2908 = VECTOR('',#2909,1.);
#2909 = DIRECTION('',(-1.,-0.,-0.));
#2910 = CYLINDRICAL_SURFACE('',#2911,1.);
#2911 = AXIS2_PLACEMENT_3D('',#2912,#2913,#2914);
#2912 = CARTESIAN_POINT('',(-11.,25.5,2.));
#2913 = DIRECTION('',(1.,0.,0.));
#2914 = DIRECTION('',(-0.,-1.,-0.));
#2915 = ADVANCED_FACE('',(#2916),#2936,.T.);
#2916 = FACE_BOUND('',#2917,.F.);
#2917 = EDGE_LOOP('',(#2918,#2919,#2920,#2929,#2935));
#2918 = ORIENTED_EDGE('',*,*,#1201,.F.);
#2919 = ORIENTED_EDGE('',*,*,#2873,.T.);
#2920 = ORIENTED_EDGE('',*,*,#2921,.F.);
#2921 = EDGE_CURVE('',#2922,#2865,#2924,.T.);
#2922 = VERTEX_POINT('',#2923);
#2923 = CARTESIAN_POINT('',(-14.48284271247,25.085786437625,3.));
#2924 = ELLIPSE('',#2925,1.442220510187,1.);
#2925 = AXIS2_PLACEMENT_3D('',#2926,#2927,#2928);
#2926 = CARTESIAN_POINT('',(-13.46303880975,25.085786437625,3.));
#2927 = DIRECTION('',(-2.775557561563E-17,0.707106781186,-0.707106781187
    ));
#2928 = DIRECTION('',(0.272165526976,0.680413817441,0.680413817439));
#2929 = ORIENTED_EDGE('',*,*,#2930,.F.);
#2930 = EDGE_CURVE('',#2897,#2922,#2931,.T.);
#2931 = LINE('',#2932,#2933);
#2932 = CARTESIAN_POINT('',(-14.68697125305,24.065143734711,
    1.979357297088));
#2933 = VECTOR('',#2934,1.);
#2934 = DIRECTION('',(0.140028008403,0.700140042015,0.700140042013));
#2935 = ORIENTED_EDGE('',*,*,#2905,.F.);
#2936 = PLANE('',#2937);
#2937 = AXIS2_PLACEMENT_3D('',#2938,#2939,#2940);
#2938 = CARTESIAN_POINT('',(-11.,25.5,3.414213562374));
#2939 = DIRECTION('',(0.,0.707106781186,-0.707106781187));
#2940 = DIRECTION('',(0.,0.707106781187,0.707106781186));
#2941 = ADVANCED_FACE('',(#2942),#2960,.F.);
#2942 = FACE_BOUND('',#2943,.T.);
#2943 = EDGE_LOOP('',(#2944,#2945,#2946,#2954));
#2944 = ORIENTED_EDGE('',*,*,#1274,.F.);
#2945 = ORIENTED_EDGE('',*,*,#1234,.F.);
#2946 = ORIENTED_EDGE('',*,*,#2947,.T.);
#2947 = EDGE_CURVE('',#1216,#2948,#2950,.T.);
#2948 = VERTEX_POINT('',#2949);
#2949 = CARTESIAN_POINT('',(13.180196097281,-27.5,3.));
#2950 = LINE('',#2951,#2952);
#2951 = CARTESIAN_POINT('',(13.180196097281,-27.5,0.));
#2952 = VECTOR('',#2953,1.);
#2953 = DIRECTION('',(0.,0.,1.));
#2954 = ORIENTED_EDGE('',*,*,#2955,.T.);
#2955 = EDGE_CURVE('',#2948,#1275,#2956,.T.);
#2956 = LINE('',#2957,#2958);
#2957 = CARTESIAN_POINT('',(14.,-27.5,3.));
#2958 = VECTOR('',#2959,1.);
#2959 = DIRECTION('',(-1.,-0.,-0.));
#2960 = PLANE('',#2961);
#2961 = AXIS2_PLACEMENT_3D('',#2962,#2963,#2964);
#2962 = CARTESIAN_POINT('',(14.,-27.5,0.));
#2963 = DIRECTION('',(0.,1.,0.));
#2964 = DIRECTION('',(1.,0.,0.));
#2965 = ADVANCED_FACE('',(#2966),#2977,.T.);
#2966 = FACE_BOUND('',#2967,.F.);
#2967 = EDGE_LOOP('',(#2968,#2969,#2970));
#2968 = ORIENTED_EDGE('',*,*,#1365,.F.);
#2969 = ORIENTED_EDGE('',*,*,#1248,.T.);
#2970 = ORIENTED_EDGE('',*,*,#2971,.F.);
#2971 = EDGE_CURVE('',#1366,#1249,#2972,.T.);
#2972 = CIRCLE('',#2973,1.);
#2973 = AXIS2_PLACEMENT_3D('',#2974,#2975,#2976);
#2974 = CARTESIAN_POINT('',(-13.18019609728,26.5,1.));
#2975 = DIRECTION('',(0.,0.,-1.));
#2976 = DIRECTION('',(-0.980580675691,0.196116135138,0.));
#2977 = SPHERICAL_SURFACE('',#2978,1.);
#2978 = AXIS2_PLACEMENT_3D('',#2979,#2980,#2981);
#2979 = CARTESIAN_POINT('',(-13.18019609728,26.5,1.));
#2980 = DIRECTION('',(0.,0.,1.));
#2981 = DIRECTION('',(-0.980580675691,0.196116135138,0.));
#2982 = ADVANCED_FACE('',(#2983),#3002,.T.);
#2983 = FACE_BOUND('',#2984,.F.);
#2984 = EDGE_LOOP('',(#2985,#2994,#2995,#2996));
#2985 = ORIENTED_EDGE('',*,*,#2986,.T.);
#2986 = EDGE_CURVE('',#2987,#2948,#2989,.T.);
#2987 = VERTEX_POINT('',#2988);
#2988 = CARTESIAN_POINT('',(13.180196097281,-26.5,4.));
#2989 = CIRCLE('',#2990,1.);
#2990 = AXIS2_PLACEMENT_3D('',#2991,#2992,#2993);
#2991 = CARTESIAN_POINT('',(13.180196097281,-26.5,3.));
#2992 = DIRECTION('',(1.,1.110223024625E-16,-0.));
#2993 = DIRECTION('',(1.110223024625E-16,-1.,0.));
#2994 = ORIENTED_EDGE('',*,*,#2955,.T.);
#2995 = ORIENTED_EDGE('',*,*,#1282,.F.);
#2996 = ORIENTED_EDGE('',*,*,#2997,.F.);
#2997 = EDGE_CURVE('',#2987,#1283,#2998,.T.);
#2998 = LINE('',#2999,#3000);
#2999 = CARTESIAN_POINT('',(14.,-26.5,4.));
#3000 = VECTOR('',#3001,1.);
#3001 = DIRECTION('',(-1.,-0.,-0.));
#3002 = CYLINDRICAL_SURFACE('',#3003,1.);
#3003 = AXIS2_PLACEMENT_3D('',#3004,#3005,#3006);
#3004 = CARTESIAN_POINT('',(14.,-26.5,3.));
#3005 = DIRECTION('',(-1.,-0.,-0.));
#3006 = DIRECTION('',(0.,0.,1.));
#3007 = ADVANCED_FACE('',(#3008),#3019,.T.);
#3008 = FACE_BOUND('',#3009,.F.);
#3009 = EDGE_LOOP('',(#3010,#3011,#3017,#3018));
#3010 = ORIENTED_EDGE('',*,*,#2565,.T.);
#3011 = ORIENTED_EDGE('',*,*,#3012,.T.);
#3012 = EDGE_CURVE('',#2517,#2987,#3013,.T.);
#3013 = LINE('',#3014,#3015);
#3014 = CARTESIAN_POINT('',(14.019419324309,-22.30388386486,4.));
#3015 = VECTOR('',#3016,1.);
#3016 = DIRECTION('',(-0.196116135138,-0.980580675691,-0.));
#3017 = ORIENTED_EDGE('',*,*,#2997,.T.);
#3018 = ORIENTED_EDGE('',*,*,#1291,.T.);
#3019 = PLANE('',#3020);
#3020 = AXIS2_PLACEMENT_3D('',#3021,#3022,#3023);
#3021 = CARTESIAN_POINT('',(0.504355293144,-0.981243246214,4.));
#3022 = DIRECTION('',(0.,0.,1.));
#3023 = DIRECTION('',(-1.,-0.,-0.));
#3024 = ADVANCED_FACE('',(#3025),#3050,.T.);
#3025 = FACE_BOUND('',#3026,.F.);
#3026 = EDGE_LOOP('',(#3027,#3028,#3034,#3035,#3044));
#3027 = ORIENTED_EDGE('',*,*,#1310,.F.);
#3028 = ORIENTED_EDGE('',*,*,#3029,.T.);
#3029 = EDGE_CURVE('',#1311,#2726,#3030,.T.);
#3030 = LINE('',#3031,#3032);
#3031 = CARTESIAN_POINT('',(11.,-26.20710678119,2.707106781183));
#3032 = VECTOR('',#3033,1.);
#3033 = DIRECTION('',(1.,0.,0.));
#3034 = ORIENTED_EDGE('',*,*,#2734,.F.);
#3035 = ORIENTED_EDGE('',*,*,#3036,.F.);
#3036 = EDGE_CURVE('',#3037,#2735,#3039,.T.);
#3037 = VERTEX_POINT('',#3038);
#3038 = CARTESIAN_POINT('',(14.308400929059,-25.5,3.414213562374));
#3039 = ELLIPSE('',#3040,1.442220510186,1.);
#3040 = AXIS2_PLACEMENT_3D('',#3041,#3042,#3043);
#3041 = CARTESIAN_POINT('',(13.297353384807,-25.91421356237,3.));
#3042 = DIRECTION('',(0.,0.707106781186,-0.707106781187));
#3043 = DIRECTION('',(-0.272165526976,-0.68041381744,-0.68041381744));
#3044 = ORIENTED_EDGE('',*,*,#3045,.F.);
#3045 = EDGE_CURVE('',#1313,#3037,#3046,.T.);
#3046 = LINE('',#3047,#3048);
#3047 = CARTESIAN_POINT('',(11.,-25.5,3.414213562374));
#3048 = VECTOR('',#3049,1.);
#3049 = DIRECTION('',(1.,0.,0.));
#3050 = PLANE('',#3051);
#3051 = AXIS2_PLACEMENT_3D('',#3052,#3053,#3054);
#3052 = CARTESIAN_POINT('',(11.,-26.20710678119,2.707106781184));
#3053 = DIRECTION('',(0.,0.707106781186,-0.707106781187));
#3054 = DIRECTION('',(-0.,-0.707106781187,-0.707106781186));
#3055 = ADVANCED_FACE('',(#3056),#3068,.F.);
#3056 = FACE_BOUND('',#3057,.T.);
#3057 = EDGE_LOOP('',(#3058,#3059,#3060,#3061,#3062));
#3058 = ORIENTED_EDGE('',*,*,#1320,.F.);
#3059 = ORIENTED_EDGE('',*,*,#3029,.T.);
#3060 = ORIENTED_EDGE('',*,*,#2725,.T.);
#3061 = ORIENTED_EDGE('',*,*,#2709,.T.);
#3062 = ORIENTED_EDGE('',*,*,#3063,.F.);
#3063 = EDGE_CURVE('',#1321,#2702,#3064,.T.);
#3064 = LINE('',#3065,#3066);
#3065 = CARTESIAN_POINT('',(11.,-24.7928932188,2.707106781182));
#3066 = VECTOR('',#3067,1.);
#3067 = DIRECTION('',(1.,0.,0.));
#3068 = CYLINDRICAL_SURFACE('',#3069,1.);
#3069 = AXIS2_PLACEMENT_3D('',#3070,#3071,#3072);
#3070 = CARTESIAN_POINT('',(11.,-25.5,2.));
#3071 = DIRECTION('',(-1.,-0.,-0.));
#3072 = DIRECTION('',(0.,1.,0.));
#3073 = ADVANCED_FACE('',(#3074),#3087,.T.);
#3074 = FACE_BOUND('',#3075,.F.);
#3075 = EDGE_LOOP('',(#3076,#3077,#3078,#3085,#3086));
#3076 = ORIENTED_EDGE('',*,*,#1329,.F.);
#3077 = ORIENTED_EDGE('',*,*,#3045,.T.);
#3078 = ORIENTED_EDGE('',*,*,#3079,.F.);
#3079 = EDGE_CURVE('',#2694,#3037,#3080,.T.);
#3080 = ELLIPSE('',#3081,1.442220510187,1.);
#3081 = AXIS2_PLACEMENT_3D('',#3082,#3083,#3084);
#3082 = CARTESIAN_POINT('',(13.463038809756,-25.08578643762,3.));
#3083 = DIRECTION('',(2.775557561563E-17,-0.707106781186,-0.707106781187
    ));
#3084 = DIRECTION('',(-0.272165526976,-0.680413817441,0.680413817439));
#3085 = ORIENTED_EDGE('',*,*,#2701,.F.);
#3086 = ORIENTED_EDGE('',*,*,#3063,.F.);
#3087 = PLANE('',#3088);
#3088 = AXIS2_PLACEMENT_3D('',#3089,#3090,#3091);
#3089 = CARTESIAN_POINT('',(11.,-25.5,3.414213562374));
#3090 = DIRECTION('',(-0.,-0.707106781186,-0.707106781187));
#3091 = DIRECTION('',(0.,-0.707106781187,0.707106781186));
#3092 = ADVANCED_FACE('',(#3093),#3105,.F.);
#3093 = FACE_BOUND('',#3094,.T.);
#3094 = EDGE_LOOP('',(#3095,#3096,#3097,#3103,#3104));
#3095 = ORIENTED_EDGE('',*,*,#1343,.F.);
#3096 = ORIENTED_EDGE('',*,*,#2102,.T.);
#3097 = ORIENTED_EDGE('',*,*,#3098,.T.);
#3098 = EDGE_CURVE('',#2103,#2922,#3099,.T.);
#3099 = LINE('',#3100,#3101);
#3100 = CARTESIAN_POINT('',(-15.,22.5,3.));
#3101 = VECTOR('',#3102,1.);
#3102 = DIRECTION('',(0.196116135138,0.980580675691,0.));
#3103 = ORIENTED_EDGE('',*,*,#2930,.F.);
#3104 = ORIENTED_EDGE('',*,*,#2896,.F.);
#3105 = PLANE('',#3106);
#3106 = AXIS2_PLACEMENT_3D('',#3107,#3108,#3109);
#3107 = CARTESIAN_POINT('',(-15.,22.5,0.));
#3108 = DIRECTION('',(0.980580675691,-0.196116135138,0.));
#3109 = DIRECTION('',(-0.196116135138,-0.980580675691,-0.));
#3110 = ADVANCED_FACE('',(#3111),#3130,.F.);
#3111 = FACE_BOUND('',#3112,.T.);
#3112 = EDGE_LOOP('',(#3113,#3114,#3115,#3116,#3124));
#3113 = ORIENTED_EDGE('',*,*,#1374,.F.);
#3114 = ORIENTED_EDGE('',*,*,#2889,.F.);
#3115 = ORIENTED_EDGE('',*,*,#2856,.F.);
#3116 = ORIENTED_EDGE('',*,*,#3117,.T.);
#3117 = EDGE_CURVE('',#2857,#3118,#3120,.T.);
#3118 = VERTEX_POINT('',#3119);
#3119 = CARTESIAN_POINT('',(-14.16077677297,26.696116135138,3.));
#3120 = LINE('',#3121,#3122);
#3121 = CARTESIAN_POINT('',(-15.,22.5,3.));
#3122 = VECTOR('',#3123,1.);
#3123 = DIRECTION('',(0.196116135138,0.980580675691,0.));
#3124 = ORIENTED_EDGE('',*,*,#3125,.F.);
#3125 = EDGE_CURVE('',#1366,#3118,#3126,.T.);
#3126 = LINE('',#3127,#3128);
#3127 = CARTESIAN_POINT('',(-14.16077677297,26.696116135138,0.));
#3128 = VECTOR('',#3129,1.);
#3129 = DIRECTION('',(0.,0.,1.));
#3130 = PLANE('',#3131);
#3131 = AXIS2_PLACEMENT_3D('',#3132,#3133,#3134);
#3132 = CARTESIAN_POINT('',(-15.,22.5,0.));
#3133 = DIRECTION('',(0.980580675691,-0.196116135138,0.));
#3134 = DIRECTION('',(-0.196116135138,-0.980580675691,-0.));
#3135 = ADVANCED_FACE('',(#3136),#3154,.T.);
#3136 = FACE_BOUND('',#3137,.T.);
#3137 = EDGE_LOOP('',(#3138,#3139,#3147,#3153));
#3138 = ORIENTED_EDGE('',*,*,#2475,.T.);
#3139 = ORIENTED_EDGE('',*,*,#3140,.T.);
#3140 = EDGE_CURVE('',#2428,#3141,#3143,.T.);
#3141 = VERTEX_POINT('',#3142);
#3142 = CARTESIAN_POINT('',(-13.18019609728,-26.5,4.));
#3143 = LINE('',#3144,#3145);
#3144 = CARTESIAN_POINT('',(-14.0194193243,-22.30388386486,4.));
#3145 = VECTOR('',#3146,1.);
#3146 = DIRECTION('',(0.196116135138,-0.980580675691,0.));
#3147 = ORIENTED_EDGE('',*,*,#3148,.T.);
#3148 = EDGE_CURVE('',#3141,#1561,#3149,.T.);
#3149 = LINE('',#3150,#3151);
#3150 = CARTESIAN_POINT('',(-14.,-26.5,4.));
#3151 = VECTOR('',#3152,1.);
#3152 = DIRECTION('',(1.,0.,0.));
#3153 = ORIENTED_EDGE('',*,*,#1560,.T.);
#3154 = PLANE('',#3155);
#3155 = AXIS2_PLACEMENT_3D('',#3156,#3157,#3158);
#3156 = CARTESIAN_POINT('',(-0.504355293144,-0.981243246214,4.));
#3157 = DIRECTION('',(0.,0.,1.));
#3158 = DIRECTION('',(-1.,0.,0.));
#3159 = ADVANCED_FACE('',(#3160),#3179,.T.);
#3160 = FACE_BOUND('',#3161,.T.);
#3161 = EDGE_LOOP('',(#3162,#3171,#3177,#3178));
#3162 = ORIENTED_EDGE('',*,*,#3163,.T.);
#3163 = EDGE_CURVE('',#3141,#3164,#3166,.T.);
#3164 = VERTEX_POINT('',#3165);
#3165 = CARTESIAN_POINT('',(-13.18019609728,-27.5,3.));
#3166 = CIRCLE('',#3167,1.);
#3167 = AXIS2_PLACEMENT_3D('',#3168,#3169,#3170);
#3168 = CARTESIAN_POINT('',(-13.18019609728,-26.5,3.));
#3169 = DIRECTION('',(1.,-1.110223024625E-16,0.));
#3170 = DIRECTION('',(-1.110223024625E-16,-1.,0.));
#3171 = ORIENTED_EDGE('',*,*,#3172,.T.);
#3172 = EDGE_CURVE('',#3164,#1569,#3173,.T.);
#3173 = LINE('',#3174,#3175);
#3174 = CARTESIAN_POINT('',(-14.,-27.5,3.));
#3175 = VECTOR('',#3176,1.);
#3176 = DIRECTION('',(1.,0.,0.));
#3177 = ORIENTED_EDGE('',*,*,#1568,.F.);
#3178 = ORIENTED_EDGE('',*,*,#3148,.F.);
#3179 = CYLINDRICAL_SURFACE('',#3180,1.);
#3180 = AXIS2_PLACEMENT_3D('',#3181,#3182,#3183);
#3181 = CARTESIAN_POINT('',(-14.,-26.5,3.));
#3182 = DIRECTION('',(1.,0.,0.));
#3183 = DIRECTION('',(0.,0.,1.));
#3184 = ADVANCED_FACE('',(#3185),#3196,.F.);
#3185 = FACE_BOUND('',#3186,.F.);
#3186 = EDGE_LOOP('',(#3187,#3188,#3189,#3195));
#3187 = ORIENTED_EDGE('',*,*,#1577,.F.);
#3188 = ORIENTED_EDGE('',*,*,#1639,.F.);
#3189 = ORIENTED_EDGE('',*,*,#3190,.T.);
#3190 = EDGE_CURVE('',#1629,#3164,#3191,.T.);
#3191 = LINE('',#3192,#3193);
#3192 = CARTESIAN_POINT('',(-13.18019609728,-27.5,0.));
#3193 = VECTOR('',#3194,1.);
#3194 = DIRECTION('',(0.,0.,1.));
#3195 = ORIENTED_EDGE('',*,*,#3172,.T.);
#3196 = PLANE('',#3197);
#3197 = AXIS2_PLACEMENT_3D('',#3198,#3199,#3200);
#3198 = CARTESIAN_POINT('',(-14.,-27.5,0.));
#3199 = DIRECTION('',(0.,1.,0.));
#3200 = DIRECTION('',(1.,0.,0.));
#3201 = ADVANCED_FACE('',(#3202),#3236,.T.);
#3202 = FACE_BOUND('',#3203,.T.);
#3203 = EDGE_LOOP('',(#3204,#3205,#3213,#3221,#3230));
#3204 = ORIENTED_EDGE('',*,*,#1595,.F.);
#3205 = ORIENTED_EDGE('',*,*,#3206,.T.);
#3206 = EDGE_CURVE('',#1596,#3207,#3209,.T.);
#3207 = VERTEX_POINT('',#3208);
#3208 = CARTESIAN_POINT('',(-14.25857864376,-26.20710678119,
    2.707106781183));
#3209 = LINE('',#3210,#3211);
#3210 = CARTESIAN_POINT('',(-11.,-26.20710678119,2.707106781183));
#3211 = VECTOR('',#3212,1.);
#3212 = DIRECTION('',(-1.,0.,0.));
#3213 = ORIENTED_EDGE('',*,*,#3214,.F.);
#3214 = EDGE_CURVE('',#3215,#3207,#3217,.T.);
#3215 = VERTEX_POINT('',#3216);
#3216 = CARTESIAN_POINT('',(-14.31715728752,-25.91421356237,3.));
#3217 = LINE('',#3218,#3219);
#3218 = CARTESIAN_POINT('',(-14.28292023898,-26.08539880508,
    2.828814757288));
#3219 = VECTOR('',#3220,1.);
#3220 = DIRECTION('',(0.140028008403,-0.700140042014,-0.700140042014));
#3221 = ORIENTED_EDGE('',*,*,#3222,.T.);
#3222 = EDGE_CURVE('',#3215,#3223,#3225,.T.);
#3223 = VERTEX_POINT('',#3224);
#3224 = CARTESIAN_POINT('',(-14.30840092905,-25.5,3.414213562374));
#3225 = ELLIPSE('',#3226,1.442220510186,1.);
#3226 = AXIS2_PLACEMENT_3D('',#3227,#3228,#3229);
#3227 = CARTESIAN_POINT('',(-13.2973533848,-25.91421356237,3.));
#3228 = DIRECTION('',(0.,0.707106781186,-0.707106781187));
#3229 = DIRECTION('',(0.272165526976,-0.68041381744,-0.68041381744));
#3230 = ORIENTED_EDGE('',*,*,#3231,.F.);
#3231 = EDGE_CURVE('',#1598,#3223,#3232,.T.);
#3232 = LINE('',#3233,#3234);
#3233 = CARTESIAN_POINT('',(-11.,-25.5,3.414213562374));
#3234 = VECTOR('',#3235,1.);
#3235 = DIRECTION('',(-1.,0.,0.));
#3236 = PLANE('',#3237);
#3237 = AXIS2_PLACEMENT_3D('',#3238,#3239,#3240);
#3238 = CARTESIAN_POINT('',(-11.,-26.20710678119,2.707106781184));
#3239 = DIRECTION('',(-0.,0.707106781186,-0.707106781187));
#3240 = DIRECTION('',(0.,0.707106781187,0.707106781186));
#3241 = ADVANCED_FACE('',(#3242),#3269,.T.);
#3242 = FACE_BOUND('',#3243,.T.);
#3243 = EDGE_LOOP('',(#3244,#3245,#3246,#3255,#3263));
#3244 = ORIENTED_EDGE('',*,*,#1605,.F.);
#3245 = ORIENTED_EDGE('',*,*,#3231,.T.);
#3246 = ORIENTED_EDGE('',*,*,#3247,.T.);
#3247 = EDGE_CURVE('',#3223,#3248,#3250,.T.);
#3248 = VERTEX_POINT('',#3249);
#3249 = CARTESIAN_POINT('',(-14.48284271247,-25.08578643762,3.));
#3250 = ELLIPSE('',#3251,1.442220510187,1.);
#3251 = AXIS2_PLACEMENT_3D('',#3252,#3253,#3254);
#3252 = CARTESIAN_POINT('',(-13.46303880975,-25.08578643762,3.));
#3253 = DIRECTION('',(-2.775557561563E-17,-0.707106781186,
    -0.707106781187));
#3254 = DIRECTION('',(0.272165526976,-0.680413817441,0.680413817439));
#3255 = ORIENTED_EDGE('',*,*,#3256,.F.);
#3256 = EDGE_CURVE('',#3257,#3248,#3259,.T.);
#3257 = VERTEX_POINT('',#3258);
#3258 = CARTESIAN_POINT('',(-14.54142135623,-24.7928932188,
    2.707106781182));
#3259 = LINE('',#3260,#3261);
#3260 = CARTESIAN_POINT('',(-14.68697125305,-24.06514373471,
    1.979357297088));
#3261 = VECTOR('',#3262,1.);
#3262 = DIRECTION('',(0.140028008403,-0.700140042015,0.700140042013));
#3263 = ORIENTED_EDGE('',*,*,#3264,.F.);
#3264 = EDGE_CURVE('',#1606,#3257,#3265,.T.);
#3265 = LINE('',#3266,#3267);
#3266 = CARTESIAN_POINT('',(-11.,-24.7928932188,2.707106781182));
#3267 = VECTOR('',#3268,1.);
#3268 = DIRECTION('',(-1.,0.,0.));
#3269 = PLANE('',#3270);
#3270 = AXIS2_PLACEMENT_3D('',#3271,#3272,#3273);
#3271 = CARTESIAN_POINT('',(-11.,-25.5,3.414213562374));
#3272 = DIRECTION('',(0.,-0.707106781186,-0.707106781187));
#3273 = DIRECTION('',(-0.,0.707106781187,-0.707106781186));
#3274 = ADVANCED_FACE('',(#3275),#3294,.F.);
#3275 = FACE_BOUND('',#3276,.F.);
#3276 = EDGE_LOOP('',(#3277,#3278,#3279,#3286,#3293));
#3277 = ORIENTED_EDGE('',*,*,#1613,.F.);
#3278 = ORIENTED_EDGE('',*,*,#3206,.T.);
#3279 = ORIENTED_EDGE('',*,*,#3280,.T.);
#3280 = EDGE_CURVE('',#3207,#1681,#3281,.T.);
#3281 = ELLIPSE('',#3282,1.019803902719,1.);
#3282 = AXIS2_PLACEMENT_3D('',#3283,#3284,#3285);
#3283 = CARTESIAN_POINT('',(-14.4,-25.5,2.));
#3284 = DIRECTION('',(0.980580675691,0.196116135138,0.));
#3285 = DIRECTION('',(0.196116135138,-0.980580675691,0.));
#3286 = ORIENTED_EDGE('',*,*,#3287,.T.);
#3287 = EDGE_CURVE('',#1681,#3257,#3288,.T.);
#3288 = ELLIPSE('',#3289,1.019803902719,1.);
#3289 = AXIS2_PLACEMENT_3D('',#3290,#3291,#3292);
#3290 = CARTESIAN_POINT('',(-14.4,-25.5,2.));
#3291 = DIRECTION('',(0.980580675691,0.196116135138,0.));
#3292 = DIRECTION('',(0.196116135138,-0.980580675691,0.));
#3293 = ORIENTED_EDGE('',*,*,#3264,.F.);
#3294 = CYLINDRICAL_SURFACE('',#3295,1.);
#3295 = AXIS2_PLACEMENT_3D('',#3296,#3297,#3298);
#3296 = CARTESIAN_POINT('',(-11.,-25.5,2.));
#3297 = DIRECTION('',(1.,0.,0.));
#3298 = DIRECTION('',(0.,1.,0.));
#3299 = ADVANCED_FACE('',(#3300),#3311,.T.);
#3300 = FACE_BOUND('',#3301,.T.);
#3301 = EDGE_LOOP('',(#3302,#3303,#3304));
#3302 = ORIENTED_EDGE('',*,*,#1700,.F.);
#3303 = ORIENTED_EDGE('',*,*,#1628,.T.);
#3304 = ORIENTED_EDGE('',*,*,#3305,.F.);
#3305 = EDGE_CURVE('',#1701,#1629,#3306,.T.);
#3306 = CIRCLE('',#3307,1.);
#3307 = AXIS2_PLACEMENT_3D('',#3308,#3309,#3310);
#3308 = CARTESIAN_POINT('',(-13.18019609728,-26.5,1.));
#3309 = DIRECTION('',(0.,0.,1.));
#3310 = DIRECTION('',(-0.980580675691,-0.196116135138,0.));
#3311 = SPHERICAL_SURFACE('',#3312,1.);
#3312 = AXIS2_PLACEMENT_3D('',#3313,#3314,#3315);
#3313 = CARTESIAN_POINT('',(-13.18019609728,-26.5,1.));
#3314 = DIRECTION('',(0.,0.,1.));
#3315 = DIRECTION('',(-0.980580675691,-0.196116135138,0.));
#3316 = ADVANCED_FACE('',(#3317),#3329,.F.);
#3317 = FACE_BOUND('',#3318,.F.);
#3318 = EDGE_LOOP('',(#3319,#3320,#3321,#3327,#3328));
#3319 = ORIENTED_EDGE('',*,*,#1678,.F.);
#3320 = ORIENTED_EDGE('',*,*,#2402,.T.);
#3321 = ORIENTED_EDGE('',*,*,#3322,.T.);
#3322 = EDGE_CURVE('',#2403,#3248,#3323,.T.);
#3323 = LINE('',#3324,#3325);
#3324 = CARTESIAN_POINT('',(-15.,-22.5,3.));
#3325 = VECTOR('',#3326,1.);
#3326 = DIRECTION('',(0.196116135138,-0.980580675691,0.));
#3327 = ORIENTED_EDGE('',*,*,#3256,.F.);
#3328 = ORIENTED_EDGE('',*,*,#3287,.F.);
#3329 = PLANE('',#3330);
#3330 = AXIS2_PLACEMENT_3D('',#3331,#3332,#3333);
#3331 = CARTESIAN_POINT('',(-15.,-22.5,0.));
#3332 = DIRECTION('',(0.980580675691,0.196116135138,0.));
#3333 = DIRECTION('',(0.196116135138,-0.980580675691,0.));
#3334 = ADVANCED_FACE('',(#3335),#3354,.F.);
#3335 = FACE_BOUND('',#3336,.F.);
#3336 = EDGE_LOOP('',(#3337,#3338,#3339,#3340,#3348));
#3337 = ORIENTED_EDGE('',*,*,#1709,.F.);
#3338 = ORIENTED_EDGE('',*,*,#3280,.F.);
#3339 = ORIENTED_EDGE('',*,*,#3214,.F.);
#3340 = ORIENTED_EDGE('',*,*,#3341,.T.);
#3341 = EDGE_CURVE('',#3215,#3342,#3344,.T.);
#3342 = VERTEX_POINT('',#3343);
#3343 = CARTESIAN_POINT('',(-14.16077677297,-26.69611613513,3.));
#3344 = LINE('',#3345,#3346);
#3345 = CARTESIAN_POINT('',(-15.,-22.5,3.));
#3346 = VECTOR('',#3347,1.);
#3347 = DIRECTION('',(0.196116135138,-0.980580675691,0.));
#3348 = ORIENTED_EDGE('',*,*,#3349,.F.);
#3349 = EDGE_CURVE('',#1701,#3342,#3350,.T.);
#3350 = LINE('',#3351,#3352);
#3351 = CARTESIAN_POINT('',(-14.16077677297,-26.69611613513,0.));
#3352 = VECTOR('',#3353,1.);
#3353 = DIRECTION('',(0.,0.,1.));
#3354 = PLANE('',#3355);
#3355 = AXIS2_PLACEMENT_3D('',#3356,#3357,#3358);
#3356 = CARTESIAN_POINT('',(-15.,-22.5,0.));
#3357 = DIRECTION('',(0.980580675691,0.196116135138,0.));
#3358 = DIRECTION('',(0.196116135138,-0.980580675691,0.));
#3359 = ADVANCED_FACE('',(#3360),#3385,.F.);
#3360 = FACE_BOUND('',#3361,.F.);
#3361 = EDGE_LOOP('',(#3362,#3363,#3371,#3379));
#3362 = ORIENTED_EDGE('',*,*,#1741,.F.);
#3363 = ORIENTED_EDGE('',*,*,#3364,.T.);
#3364 = EDGE_CURVE('',#1742,#3365,#3367,.T.);
#3365 = VERTEX_POINT('',#3366);
#3366 = CARTESIAN_POINT('',(-29.5,14.25,5.5));
#3367 = LINE('',#3368,#3369);
#3368 = CARTESIAN_POINT('',(-30.5,14.25,5.5));
#3369 = VECTOR('',#3370,1.);
#3370 = DIRECTION('',(1.,0.,0.));
#3371 = ORIENTED_EDGE('',*,*,#3372,.T.);
#3372 = EDGE_CURVE('',#3365,#3373,#3375,.T.);
#3373 = VERTEX_POINT('',#3374);
#3374 = CARTESIAN_POINT('',(-29.5,14.25,1.));
#3375 = LINE('',#3376,#3377);
#3376 = CARTESIAN_POINT('',(-29.5,14.25,2.75));
#3377 = VECTOR('',#3378,1.);
#3378 = DIRECTION('',(0.,0.,-1.));
#3379 = ORIENTED_EDGE('',*,*,#3380,.F.);
#3380 = EDGE_CURVE('',#1744,#3373,#3381,.T.);
#3381 = LINE('',#3382,#3383);
#3382 = CARTESIAN_POINT('',(-30.5,14.25,1.));
#3383 = VECTOR('',#3384,1.);
#3384 = DIRECTION('',(1.,0.,0.));
#3385 = PLANE('',#3386);
#3386 = AXIS2_PLACEMENT_3D('',#3387,#3388,#3389);
#3387 = CARTESIAN_POINT('',(-30.5,14.25,5.5));
#3388 = DIRECTION('',(0.,1.,0.));
#3389 = DIRECTION('',(0.,0.,-1.));
#3390 = ADVANCED_FACE('',(#3391),#3409,.F.);
#3391 = FACE_BOUND('',#3392,.F.);
#3392 = EDGE_LOOP('',(#3393,#3394,#3402,#3408));
#3393 = ORIENTED_EDGE('',*,*,#1767,.F.);
#3394 = ORIENTED_EDGE('',*,*,#3395,.T.);
#3395 = EDGE_CURVE('',#1760,#3396,#3398,.T.);
#3396 = VERTEX_POINT('',#3397);
#3397 = CARTESIAN_POINT('',(-29.5,2.75,5.5));
#3398 = LINE('',#3399,#3400);
#3399 = CARTESIAN_POINT('',(-30.5,2.75,5.5));
#3400 = VECTOR('',#3401,1.);
#3401 = DIRECTION('',(1.,0.,0.));
#3402 = ORIENTED_EDGE('',*,*,#3403,.T.);
#3403 = EDGE_CURVE('',#3396,#3365,#3404,.T.);
#3404 = LINE('',#3405,#3406);
#3405 = CARTESIAN_POINT('',(-29.5,12.125,5.5));
#3406 = VECTOR('',#3407,1.);
#3407 = DIRECTION('',(0.,1.,0.));
#3408 = ORIENTED_EDGE('',*,*,#3364,.F.);
#3409 = PLANE('',#3410);
#3410 = AXIS2_PLACEMENT_3D('',#3411,#3412,#3413);
#3411 = CARTESIAN_POINT('',(-30.5,2.75,5.5));
#3412 = DIRECTION('',(0.,0.,1.));
#3413 = DIRECTION('',(0.,1.,0.));
#3414 = ADVANCED_FACE('',(#3415),#3433,.F.);
#3415 = FACE_BOUND('',#3416,.F.);
#3416 = EDGE_LOOP('',(#3417,#3418,#3426,#3432));
#3417 = ORIENTED_EDGE('',*,*,#1759,.F.);
#3418 = ORIENTED_EDGE('',*,*,#3419,.T.);
#3419 = EDGE_CURVE('',#1752,#3420,#3422,.T.);
#3420 = VERTEX_POINT('',#3421);
#3421 = CARTESIAN_POINT('',(-29.5,2.75,1.));
#3422 = LINE('',#3423,#3424);
#3423 = CARTESIAN_POINT('',(-30.5,2.75,1.));
#3424 = VECTOR('',#3425,1.);
#3425 = DIRECTION('',(1.,0.,0.));
#3426 = ORIENTED_EDGE('',*,*,#3427,.T.);
#3427 = EDGE_CURVE('',#3420,#3396,#3428,.T.);
#3428 = LINE('',#3429,#3430);
#3429 = CARTESIAN_POINT('',(-29.5,2.75,0.5));
#3430 = VECTOR('',#3431,1.);
#3431 = DIRECTION('',(0.,0.,1.));
#3432 = ORIENTED_EDGE('',*,*,#3395,.F.);
#3433 = PLANE('',#3434);
#3434 = AXIS2_PLACEMENT_3D('',#3435,#3436,#3437);
#3435 = CARTESIAN_POINT('',(-30.5,2.75,1.));
#3436 = DIRECTION('',(0.,-1.,0.));
#3437 = DIRECTION('',(0.,0.,1.));
#3438 = ADVANCED_FACE('',(#3439),#3482,.T.);
#3439 = FACE_BOUND('',#3440,.T.);
#3440 = EDGE_LOOP('',(#3441,#3442,#3443,#3451,#3459,#3467,#3475,#3481));
#3441 = ORIENTED_EDGE('',*,*,#1751,.T.);
#3442 = ORIENTED_EDGE('',*,*,#3419,.T.);
#3443 = ORIENTED_EDGE('',*,*,#3444,.T.);
#3444 = EDGE_CURVE('',#3420,#3445,#3447,.T.);
#3445 = VERTEX_POINT('',#3446);
#3446 = CARTESIAN_POINT('',(-29.5,-21.5,1.));
#3447 = LINE('',#3448,#3449);
#3448 = CARTESIAN_POINT('',(-29.5,21.5,1.));
#3449 = VECTOR('',#3450,1.);
#3450 = DIRECTION('',(0.,-1.,0.));
#3451 = ORIENTED_EDGE('',*,*,#3452,.T.);
#3452 = EDGE_CURVE('',#3445,#3453,#3455,.T.);
#3453 = VERTEX_POINT('',#3454);
#3454 = CARTESIAN_POINT('',(29.5,-21.5,1.));
#3455 = LINE('',#3456,#3457);
#3456 = CARTESIAN_POINT('',(-29.5,-21.5,1.));
#3457 = VECTOR('',#3458,1.);
#3458 = DIRECTION('',(1.,0.,0.));
#3459 = ORIENTED_EDGE('',*,*,#3460,.T.);
#3460 = EDGE_CURVE('',#3453,#3461,#3463,.T.);
#3461 = VERTEX_POINT('',#3462);
#3462 = CARTESIAN_POINT('',(29.5,21.5,1.));
#3463 = LINE('',#3464,#3465);
#3464 = CARTESIAN_POINT('',(29.5,-21.5,1.));
#3465 = VECTOR('',#3466,1.);
#3466 = DIRECTION('',(0.,1.,0.));
#3467 = ORIENTED_EDGE('',*,*,#3468,.T.);
#3468 = EDGE_CURVE('',#3461,#3469,#3471,.T.);
#3469 = VERTEX_POINT('',#3470);
#3470 = CARTESIAN_POINT('',(-29.5,21.5,1.));
#3471 = LINE('',#3472,#3473);
#3472 = CARTESIAN_POINT('',(29.5,21.5,1.));
#3473 = VECTOR('',#3474,1.);
#3474 = DIRECTION('',(-1.,0.,0.));
#3475 = ORIENTED_EDGE('',*,*,#3476,.T.);
#3476 = EDGE_CURVE('',#3469,#3373,#3477,.T.);
#3477 = LINE('',#3478,#3479);
#3478 = CARTESIAN_POINT('',(-29.5,21.5,1.));
#3479 = VECTOR('',#3480,1.);
#3480 = DIRECTION('',(0.,-1.,0.));
#3481 = ORIENTED_EDGE('',*,*,#3380,.F.);
#3482 = PLANE('',#3483);
#3483 = AXIS2_PLACEMENT_3D('',#3484,#3485,#3486);
#3484 = CARTESIAN_POINT('',(-0.347087378641,8.252427184466E-02,1.));
#3485 = DIRECTION('',(0.,0.,1.));
#3486 = DIRECTION('',(1.,0.,0.));
#3487 = ADVANCED_FACE('',(#3488),#3504,.T.);
#3488 = FACE_BOUND('',#3489,.T.);
#3489 = EDGE_LOOP('',(#3490,#3491,#3497,#3498));
#3490 = ORIENTED_EDGE('',*,*,#3468,.F.);
#3491 = ORIENTED_EDGE('',*,*,#3492,.T.);
#3492 = EDGE_CURVE('',#3461,#1996,#3493,.T.);
#3493 = LINE('',#3494,#3495);
#3494 = CARTESIAN_POINT('',(29.5,21.5,0.));
#3495 = VECTOR('',#3496,1.);
#3496 = DIRECTION('',(0.,0.,1.));
#3497 = ORIENTED_EDGE('',*,*,#1995,.T.);
#3498 = ORIENTED_EDGE('',*,*,#3499,.F.);
#3499 = EDGE_CURVE('',#3469,#1998,#3500,.T.);
#3500 = LINE('',#3501,#3502);
#3501 = CARTESIAN_POINT('',(-29.5,21.5,0.));
#3502 = VECTOR('',#3503,1.);
#3503 = DIRECTION('',(0.,0.,1.));
#3504 = PLANE('',#3505);
#3505 = AXIS2_PLACEMENT_3D('',#3506,#3507,#3508);
#3506 = CARTESIAN_POINT('',(29.5,21.5,0.));
#3507 = DIRECTION('',(0.,-1.,0.));
#3508 = DIRECTION('',(-1.,0.,0.));
#3509 = ADVANCED_FACE('',(#3510),#3525,.T.);
#3510 = FACE_BOUND('',#3511,.T.);
#3511 = EDGE_LOOP('',(#3512,#3513,#3514,#3515,#3521,#3522,#3523,#3524));
#3512 = ORIENTED_EDGE('',*,*,#3476,.F.);
#3513 = ORIENTED_EDGE('',*,*,#3499,.T.);
#3514 = ORIENTED_EDGE('',*,*,#2005,.T.);
#3515 = ORIENTED_EDGE('',*,*,#3516,.F.);
#3516 = EDGE_CURVE('',#3445,#2006,#3517,.T.);
#3517 = LINE('',#3518,#3519);
#3518 = CARTESIAN_POINT('',(-29.5,-21.5,0.));
#3519 = VECTOR('',#3520,1.);
#3520 = DIRECTION('',(0.,0.,1.));
#3521 = ORIENTED_EDGE('',*,*,#3444,.F.);
#3522 = ORIENTED_EDGE('',*,*,#3427,.T.);
#3523 = ORIENTED_EDGE('',*,*,#3403,.T.);
#3524 = ORIENTED_EDGE('',*,*,#3372,.T.);
#3525 = PLANE('',#3526);
#3526 = AXIS2_PLACEMENT_3D('',#3527,#3528,#3529);
#3527 = CARTESIAN_POINT('',(-29.5,21.5,0.));
#3528 = DIRECTION('',(1.,0.,0.));
#3529 = DIRECTION('',(0.,-1.,0.));
#3530 = ADVANCED_FACE('',(#3531),#3542,.T.);
#3531 = FACE_BOUND('',#3532,.T.);
#3532 = EDGE_LOOP('',(#3533,#3534,#3535,#3536));
#3533 = ORIENTED_EDGE('',*,*,#3452,.F.);
#3534 = ORIENTED_EDGE('',*,*,#3516,.T.);
#3535 = ORIENTED_EDGE('',*,*,#2013,.T.);
#3536 = ORIENTED_EDGE('',*,*,#3537,.F.);
#3537 = EDGE_CURVE('',#3453,#2014,#3538,.T.);
#3538 = LINE('',#3539,#3540);
#3539 = CARTESIAN_POINT('',(29.5,-21.5,0.));
#3540 = VECTOR('',#3541,1.);
#3541 = DIRECTION('',(0.,0.,1.));
#3542 = PLANE('',#3543);
#3543 = AXIS2_PLACEMENT_3D('',#3544,#3545,#3546);
#3544 = CARTESIAN_POINT('',(-29.5,-21.5,0.));
#3545 = DIRECTION('',(0.,1.,0.));
#3546 = DIRECTION('',(1.,0.,0.));
#3547 = ADVANCED_FACE('',(#3548,#3554),#3560,.T.);
#3548 = FACE_BOUND('',#3549,.T.);
#3549 = EDGE_LOOP('',(#3550,#3551,#3552,#3553));
#3550 = ORIENTED_EDGE('',*,*,#3460,.F.);
#3551 = ORIENTED_EDGE('',*,*,#3537,.T.);
#3552 = ORIENTED_EDGE('',*,*,#2021,.T.);
#3553 = ORIENTED_EDGE('',*,*,#3492,.F.);
#3554 = FACE_BOUND('',#3555,.T.);
#3555 = EDGE_LOOP('',(#3556,#3557,#3558,#3559));
#3556 = ORIENTED_EDGE('',*,*,#2200,.T.);
#3557 = ORIENTED_EDGE('',*,*,#2272,.T.);
#3558 = ORIENTED_EDGE('',*,*,#2255,.T.);
#3559 = ORIENTED_EDGE('',*,*,#2231,.T.);
#3560 = PLANE('',#3561);
#3561 = AXIS2_PLACEMENT_3D('',#3562,#3563,#3564);
#3562 = CARTESIAN_POINT('',(29.5,-21.5,0.));
#3563 = DIRECTION('',(-1.,0.,0.));
#3564 = DIRECTION('',(0.,1.,0.));
#3565 = ADVANCED_FACE('',(#3566),#3581,.T.);
#3566 = FACE_BOUND('',#3567,.T.);
#3567 = EDGE_LOOP('',(#3568,#3569,#3570,#3571,#3572,#3573,#3574));
#3568 = ORIENTED_EDGE('',*,*,#2608,.F.);
#3569 = ORIENTED_EDGE('',*,*,#2036,.F.);
#3570 = ORIENTED_EDGE('',*,*,#2289,.T.);
#3571 = ORIENTED_EDGE('',*,*,#2656,.F.);
#3572 = ORIENTED_EDGE('',*,*,#2631,.F.);
#3573 = ORIENTED_EDGE('',*,*,#2338,.T.);
#3574 = ORIENTED_EDGE('',*,*,#3575,.F.);
#3575 = EDGE_CURVE('',#2582,#2339,#3576,.T.);
#3576 = CIRCLE('',#3577,1.);
#3577 = AXIS2_PLACEMENT_3D('',#3578,#3579,#3580);
#3578 = CARTESIAN_POINT('',(13.180196097281,26.5,3.));
#3579 = DIRECTION('',(-0.196116135138,0.980580675691,0.));
#3580 = DIRECTION('',(0.980580675691,0.196116135138,0.));
#3581 = CYLINDRICAL_SURFACE('',#3582,1.);
#3582 = AXIS2_PLACEMENT_3D('',#3583,#3584,#3585);
#3583 = CARTESIAN_POINT('',(14.019419324309,22.303883864862,3.));
#3584 = DIRECTION('',(-0.196116135138,0.980580675691,0.));
#3585 = DIRECTION('',(0.,0.,1.));
#3586 = ADVANCED_FACE('',(#3587),#3602,.T.);
#3587 = FACE_BOUND('',#3588,.F.);
#3588 = EDGE_LOOP('',(#3589,#3590,#3591,#3592,#3593,#3594,#3595));
#3589 = ORIENTED_EDGE('',*,*,#2831,.F.);
#3590 = ORIENTED_EDGE('',*,*,#2126,.F.);
#3591 = ORIENTED_EDGE('',*,*,#3098,.T.);
#3592 = ORIENTED_EDGE('',*,*,#2921,.T.);
#3593 = ORIENTED_EDGE('',*,*,#2864,.T.);
#3594 = ORIENTED_EDGE('',*,*,#3117,.T.);
#3595 = ORIENTED_EDGE('',*,*,#3596,.F.);
#3596 = EDGE_CURVE('',#2806,#3118,#3597,.T.);
#3597 = CIRCLE('',#3598,1.);
#3598 = AXIS2_PLACEMENT_3D('',#3599,#3600,#3601);
#3599 = CARTESIAN_POINT('',(-13.18019609728,26.5,3.));
#3600 = DIRECTION('',(-0.196116135138,-0.980580675691,-0.));
#3601 = DIRECTION('',(-0.980580675691,0.196116135138,0.));
#3602 = CYLINDRICAL_SURFACE('',#3603,1.);
#3603 = AXIS2_PLACEMENT_3D('',#3604,#3605,#3606);
#3604 = CARTESIAN_POINT('',(-14.0194193243,22.303883864862,3.));
#3605 = DIRECTION('',(0.196116135138,0.980580675691,0.));
#3606 = DIRECTION('',(0.,0.,1.));
#3607 = ADVANCED_FACE('',(#3608),#3620,.T.);
#3608 = FACE_BOUND('',#3609,.T.);
#3609 = EDGE_LOOP('',(#3610,#3611,#3612,#3613));
#3610 = ORIENTED_EDGE('',*,*,#2346,.F.);
#3611 = ORIENTED_EDGE('',*,*,#2362,.T.);
#3612 = ORIENTED_EDGE('',*,*,#2379,.T.);
#3613 = ORIENTED_EDGE('',*,*,#3614,.F.);
#3614 = EDGE_CURVE('',#2339,#2380,#3615,.T.);
#3615 = CIRCLE('',#3616,1.);
#3616 = AXIS2_PLACEMENT_3D('',#3617,#3618,#3619);
#3617 = CARTESIAN_POINT('',(13.180196097281,26.5,3.));
#3618 = DIRECTION('',(0.,-0.,1.));
#3619 = DIRECTION('',(0.980580675691,0.196116135138,0.));
#3620 = CYLINDRICAL_SURFACE('',#3621,1.);
#3621 = AXIS2_PLACEMENT_3D('',#3622,#3623,#3624);
#3622 = CARTESIAN_POINT('',(13.180196097281,26.5,0.));
#3623 = DIRECTION('',(0.,0.,1.));
#3624 = DIRECTION('',(0.980580675691,0.196116135138,0.));
#3625 = ADVANCED_FACE('',(#3626),#3641,.T.);
#3626 = FACE_BOUND('',#3627,.T.);
#3627 = EDGE_LOOP('',(#3628,#3629,#3630,#3631,#3632,#3633,#3634));
#3628 = ORIENTED_EDGE('',*,*,#3140,.F.);
#3629 = ORIENTED_EDGE('',*,*,#2427,.F.);
#3630 = ORIENTED_EDGE('',*,*,#3322,.T.);
#3631 = ORIENTED_EDGE('',*,*,#3247,.F.);
#3632 = ORIENTED_EDGE('',*,*,#3222,.F.);
#3633 = ORIENTED_EDGE('',*,*,#3341,.T.);
#3634 = ORIENTED_EDGE('',*,*,#3635,.F.);
#3635 = EDGE_CURVE('',#3141,#3342,#3636,.T.);
#3636 = CIRCLE('',#3637,1.);
#3637 = AXIS2_PLACEMENT_3D('',#3638,#3639,#3640);
#3638 = CARTESIAN_POINT('',(-13.18019609728,-26.5,3.));
#3639 = DIRECTION('',(0.196116135138,-0.980580675691,0.));
#3640 = DIRECTION('',(-0.980580675691,-0.196116135138,0.));
#3641 = CYLINDRICAL_SURFACE('',#3642,1.);
#3642 = AXIS2_PLACEMENT_3D('',#3643,#3644,#3645);
#3643 = CARTESIAN_POINT('',(-14.0194193243,-22.30388386486,3.));
#3644 = DIRECTION('',(0.196116135138,-0.980580675691,0.));
#3645 = DIRECTION('',(0.,0.,1.));
#3646 = ADVANCED_FACE('',(#3647),#3662,.T.);
#3647 = FACE_BOUND('',#3648,.F.);
#3648 = EDGE_LOOP('',(#3649,#3650,#3651,#3652,#3653,#3654,#3655));
#3649 = ORIENTED_EDGE('',*,*,#3012,.F.);
#3650 = ORIENTED_EDGE('',*,*,#2516,.F.);
#3651 = ORIENTED_EDGE('',*,*,#2693,.T.);
#3652 = ORIENTED_EDGE('',*,*,#3079,.T.);
#3653 = ORIENTED_EDGE('',*,*,#3036,.T.);
#3654 = ORIENTED_EDGE('',*,*,#2742,.T.);
#3655 = ORIENTED_EDGE('',*,*,#3656,.F.);
#3656 = EDGE_CURVE('',#2987,#2743,#3657,.T.);
#3657 = CIRCLE('',#3658,1.);
#3658 = AXIS2_PLACEMENT_3D('',#3659,#3660,#3661);
#3659 = CARTESIAN_POINT('',(13.180196097281,-26.5,3.));
#3660 = DIRECTION('',(0.196116135138,0.980580675691,-0.));
#3661 = DIRECTION('',(0.980580675691,-0.196116135138,0.));
#3662 = CYLINDRICAL_SURFACE('',#3663,1.);
#3663 = AXIS2_PLACEMENT_3D('',#3664,#3665,#3666);
#3664 = CARTESIAN_POINT('',(14.019419324309,-22.30388386486,3.));
#3665 = DIRECTION('',(-0.196116135138,-0.980580675691,-0.));
#3666 = DIRECTION('',(0.,0.,1.));
#3667 = ADVANCED_FACE('',(#3668),#3673,.T.);
#3668 = FACE_BOUND('',#3669,.F.);
#3669 = EDGE_LOOP('',(#3670,#3671,#3672));
#3670 = ORIENTED_EDGE('',*,*,#3575,.F.);
#3671 = ORIENTED_EDGE('',*,*,#2581,.T.);
#3672 = ORIENTED_EDGE('',*,*,#3614,.F.);
#3673 = SPHERICAL_SURFACE('',#3674,1.);
#3674 = AXIS2_PLACEMENT_3D('',#3675,#3676,#3677);
#3675 = CARTESIAN_POINT('',(13.180196097281,26.5,3.));
#3676 = DIRECTION('',(-0.,-0.,-1.));
#3677 = DIRECTION('',(0.980580675691,0.196116135138,0.));
#3678 = ADVANCED_FACE('',(#3679),#3691,.T.);
#3679 = FACE_BOUND('',#3680,.F.);
#3680 = EDGE_LOOP('',(#3681,#3682,#3683,#3684));
#3681 = ORIENTED_EDGE('',*,*,#2750,.F.);
#3682 = ORIENTED_EDGE('',*,*,#2766,.T.);
#3683 = ORIENTED_EDGE('',*,*,#2947,.T.);
#3684 = ORIENTED_EDGE('',*,*,#3685,.F.);
#3685 = EDGE_CURVE('',#2743,#2948,#3686,.T.);
#3686 = CIRCLE('',#3687,1.);
#3687 = AXIS2_PLACEMENT_3D('',#3688,#3689,#3690);
#3688 = CARTESIAN_POINT('',(13.180196097281,-26.5,3.));
#3689 = DIRECTION('',(0.,0.,-1.));
#3690 = DIRECTION('',(0.980580675691,-0.196116135138,0.));
#3691 = CYLINDRICAL_SURFACE('',#3692,1.);
#3692 = AXIS2_PLACEMENT_3D('',#3693,#3694,#3695);
#3693 = CARTESIAN_POINT('',(13.180196097281,-26.5,0.));
#3694 = DIRECTION('',(0.,0.,1.));
#3695 = DIRECTION('',(0.980580675691,-0.196116135138,0.));
#3696 = ADVANCED_FACE('',(#3697),#3709,.T.);
#3697 = FACE_BOUND('',#3698,.F.);
#3698 = EDGE_LOOP('',(#3699,#3700,#3701,#3702));
#3699 = ORIENTED_EDGE('',*,*,#3125,.F.);
#3700 = ORIENTED_EDGE('',*,*,#2971,.T.);
#3701 = ORIENTED_EDGE('',*,*,#2783,.T.);
#3702 = ORIENTED_EDGE('',*,*,#3703,.F.);
#3703 = EDGE_CURVE('',#3118,#2784,#3704,.T.);
#3704 = CIRCLE('',#3705,1.);
#3705 = AXIS2_PLACEMENT_3D('',#3706,#3707,#3708);
#3706 = CARTESIAN_POINT('',(-13.18019609728,26.5,3.));
#3707 = DIRECTION('',(0.,0.,-1.));
#3708 = DIRECTION('',(-0.980580675691,0.196116135138,0.));
#3709 = CYLINDRICAL_SURFACE('',#3710,1.);
#3710 = AXIS2_PLACEMENT_3D('',#3711,#3712,#3713);
#3711 = CARTESIAN_POINT('',(-13.18019609728,26.5,0.));
#3712 = DIRECTION('',(0.,0.,1.));
#3713 = DIRECTION('',(-0.980580675691,0.196116135138,0.));
#3714 = ADVANCED_FACE('',(#3715),#3720,.T.);
#3715 = FACE_BOUND('',#3716,.T.);
#3716 = EDGE_LOOP('',(#3717,#3718,#3719));
#3717 = ORIENTED_EDGE('',*,*,#3596,.F.);
#3718 = ORIENTED_EDGE('',*,*,#2805,.T.);
#3719 = ORIENTED_EDGE('',*,*,#3703,.F.);
#3720 = SPHERICAL_SURFACE('',#3721,1.);
#3721 = AXIS2_PLACEMENT_3D('',#3722,#3723,#3724);
#3722 = CARTESIAN_POINT('',(-13.18019609728,26.5,3.));
#3723 = DIRECTION('',(0.,0.,-1.));
#3724 = DIRECTION('',(-0.980580675691,0.196116135138,0.));
#3725 = ADVANCED_FACE('',(#3726),#3731,.T.);
#3726 = FACE_BOUND('',#3727,.T.);
#3727 = EDGE_LOOP('',(#3728,#3729,#3730));
#3728 = ORIENTED_EDGE('',*,*,#3656,.F.);
#3729 = ORIENTED_EDGE('',*,*,#2986,.T.);
#3730 = ORIENTED_EDGE('',*,*,#3685,.F.);
#3731 = SPHERICAL_SURFACE('',#3732,1.);
#3732 = AXIS2_PLACEMENT_3D('',#3733,#3734,#3735);
#3733 = CARTESIAN_POINT('',(13.180196097281,-26.5,3.));
#3734 = DIRECTION('',(0.,0.,-1.));
#3735 = DIRECTION('',(0.980580675691,-0.196116135138,0.));
#3736 = ADVANCED_FACE('',(#3737),#3748,.T.);
#3737 = FACE_BOUND('',#3738,.F.);
#3738 = EDGE_LOOP('',(#3739,#3740,#3741));
#3739 = ORIENTED_EDGE('',*,*,#3635,.F.);
#3740 = ORIENTED_EDGE('',*,*,#3163,.T.);
#3741 = ORIENTED_EDGE('',*,*,#3742,.F.);
#3742 = EDGE_CURVE('',#3342,#3164,#3743,.T.);
#3743 = CIRCLE('',#3744,1.);
#3744 = AXIS2_PLACEMENT_3D('',#3745,#3746,#3747);
#3745 = CARTESIAN_POINT('',(-13.18019609728,-26.5,3.));
#3746 = DIRECTION('',(0.,0.,1.));
#3747 = DIRECTION('',(-0.980580675691,-0.196116135138,0.));
#3748 = SPHERICAL_SURFACE('',#3749,1.);
#3749 = AXIS2_PLACEMENT_3D('',#3750,#3751,#3752);
#3750 = CARTESIAN_POINT('',(-13.18019609728,-26.5,3.));
#3751 = DIRECTION('',(0.,0.,-1.));
#3752 = DIRECTION('',(-0.980580675691,-0.196116135138,0.));
#3753 = ADVANCED_FACE('',(#3754),#3760,.T.);
#3754 = FACE_BOUND('',#3755,.T.);
#3755 = EDGE_LOOP('',(#3756,#3757,#3758,#3759));
#3756 = ORIENTED_EDGE('',*,*,#3349,.F.);
#3757 = ORIENTED_EDGE('',*,*,#3305,.T.);
#3758 = ORIENTED_EDGE('',*,*,#3190,.T.);
#3759 = ORIENTED_EDGE('',*,*,#3742,.F.);
#3760 = CYLINDRICAL_SURFACE('',#3761,1.);
#3761 = AXIS2_PLACEMENT_3D('',#3762,#3763,#3764);
#3762 = CARTESIAN_POINT('',(-13.18019609728,-26.5,0.));
#3763 = DIRECTION('',(0.,0.,1.));
#3764 = DIRECTION('',(-0.980580675691,-0.196116135138,0.));
#3765 = ( GEOMETRIC_REPRESENTATION_CONTEXT(3) 
GLOBAL_UNCERTAINTY_ASSIGNED_CONTEXT((#3769)) 
GLOBAL_UNIT_ASSIGNED_CONTEXT((#3766,#3767,#3768)) REPRESENTATION_CONTEXT
('Context #1','3D Context with UNIT and UNCERTAINTY') );
#3766 = ( LENGTH_UNIT() NAMED_UNIT(*) SI_UNIT(.MILLI.,.METRE.) );
#3767 = ( NAMED_UNIT(*) PLANE_ANGLE_UNIT() SI_UNIT($,.RADIAN.) );
#3768 = ( NAMED_UNIT(*) SI_UNIT($,.STERADIAN.) SOLID_ANGLE_UNIT() );
#3769 = UNCERTAINTY_MEASURE_WITH_UNIT(LENGTH_MEASURE(1.E-05),#3766,
  'distance_accuracy_value','confusion accuracy');
#3770 = PRODUCT_RELATED_PRODUCT_CATEGORY('part',$,(#7));
#3771 = MECHANICAL_DESIGN_GEOMETRIC_PRESENTATION_REPRESENTATION('',(
    #3772),#3765);
#3772 = STYLED_ITEM('color',(#3773),#15);
#3773 = PRESENTATION_STYLE_ASSIGNMENT((#3774,#3780));
#3774 = SURFACE_STYLE_USAGE(.BOTH.,#3775);
#3775 = SURFACE_SIDE_STYLE('',(#3776));
#3776 = SURFACE_STYLE_FILL_AREA(#3777);
#3777 = FILL_AREA_STYLE('',(#3778));
#3778 = FILL_AREA_STYLE_COLOUR('',#3779);
#3779 = COLOUR_RGB('',0.678431390124,0.709803936702,0.741176476869);
#3780 = CURVE_STYLE('',#3781,POSITIVE_LENGTH_MEASURE(0.1),#3782);
#3781 = DRAUGHTING_PRE_DEFINED_CURVE_FONT('continuous');
#3782 = COLOUR_RGB('',9.803921802644E-02,9.803921802644E-02,
  9.803921802644E-02);
ENDSEC;
END-ISO-10303-21;
